,id,park,plain_dates,genus_species,url,image_url,hyperlink,status
2564,87655127,Sunol,20210718,Cirsium vulgare,https://www.inaturalist.org/observations/87655127,https://static.inaturalist.org/photos/144539953/medium.jpg,https://static.inaturalist.org/photos/144539953/medium.jpg,2
2782,32576439,PRidge,20190706,Cirsium vulgare,https://www.inaturalist.org/observations/32576439,https://inaturalist-open-data.s3.amazonaws.com/photos/51107059/medium.jpeg,https://inaturalist-open-data.s3.amazonaws.com/photos/51107059/medium.jpeg,1
3231,106866733,Briones,20220215,Cirsium vulgare,https://www.inaturalist.org/observations/106866733,https://inaturalist-open-data.s3.amazonaws.com/photos/179620812/medium.jpeg,https://inaturalist-open-data.s3.amazonaws.com/photos/179620812/medium.jpeg,1
3585,115294067,Briones,20220429,Cirsium vulgare,https://www.inaturalist.org/observations/115294067,https://inaturalist-open-data.s3.amazonaws.com/photos/194620496/medium.jpeg,https://inaturalist-open-data.s3.amazonaws.com/photos/194620496/medium.jpeg,0
4550,76437958,Briones,20210501,Cirsium vulgare,https://www.inaturalist.org/observations/76437958,https://static.inaturalist.org/photos/125040297/medium.jpeg,https://static.inaturalist.org/photos/125040297/medium.jpeg,0
4690,77542256,Briones,20210501,Cirsium vulgare,https://www.inaturalist.org/observations/77542256,https://inaturalist-open-data.s3.amazonaws.com/photos/126824066/medium.jpeg,https://inaturalist-open-data.s3.amazonaws.com/photos/126824066/medium.jpeg,0
5074,24143608,Briones,20190427,Cirsium vulgare,https://www.inaturalist.org/observations/24143608,https://inaturalist-open-data.s3.amazonaws.com/photos/37337857/medium.jpeg,https://inaturalist-open-data.s3.amazonaws.com/photos/37337857/medium.jpeg,0
5168,24919151,Briones,20190509,Cirsium vulgare,https://www.inaturalist.org/observations/24919151,https://inaturalist-open-data.s3.amazonaws.com/photos/38549460/medium.jpeg,https://inaturalist-open-data.s3.amazonaws.com/photos/38549460/medium.jpeg,0
5826,44340042,Briones,20200424,Cirsium vulgare,https://www.inaturalist.org/observations/44340042,https://inaturalist-open-data.s3.amazonaws.com/photos/70299556/medium.jpeg,https://inaturalist-open-data.s3.amazonaws.com/photos/70299556/medium.jpeg,0
6090,55109340,Briones,20200801,Cirsium vulgare,https://www.inaturalist.org/observations/55109340,https://static.inaturalist.org/photos/87729952/medium.jpg,https://static.inaturalist.org/photos/87729952/medium.jpg,1
6134,62088022,Briones,20201007,Cirsium vulgare,https://www.inaturalist.org/observations/62088022,https://inaturalist-open-data.s3.amazonaws.com/photos/99434146/medium.jpeg,https://inaturalist-open-data.s3.amazonaws.com/photos/99434146/medium.jpeg,1
6199,68434365,Briones,20210121,Cirsium vulgare,https://www.inaturalist.org/observations/68434365,https://inaturalist-open-data.s3.amazonaws.com/photos/110808305/medium.jpg,https://inaturalist-open-data.s3.amazonaws.com/photos/110808305/medium.jpg,1
6307,86172649,Briones,20210707,Cirsium vulgare,https://www.inaturalist.org/observations/86172649,https://static.inaturalist.org/photos/141913605/medium.jpg,https://static.inaturalist.org/photos/141913605/medium.jpg,1
6325,95417647,Briones,20210918,Cirsium vulgare,https://www.inaturalist.org/observations/95417647,https://inaturalist-open-data.s3.amazonaws.com/photos/158404106/medium.jpg,https://inaturalist-open-data.s3.amazonaws.com/photos/158404106/medium.jpg,1
6367,105137618,Tilden,20220117,Cirsium vulgare,https://www.inaturalist.org/observations/105137618,https://inaturalist-open-data.s3.amazonaws.com/photos/176335262/medium.jpeg,https://inaturalist-open-data.s3.amazonaws.com/photos/176335262/medium.jpeg,1
6463,107978399,Tilden,20220305,Cirsium vulgare,https://www.inaturalist.org/observations/107978399,https://inaturalist-open-data.s3.amazonaws.com/photos/181707609/medium.jpg,https://inaturalist-open-data.s3.amazonaws.com/photos/181707609/medium.jpg,1
6512,108543402,Tilden,20220313,Cirsium vulgare,https://www.inaturalist.org/observations/108543402,https://static.inaturalist.org/photos/182769277/medium.jpg,https://static.inaturalist.org/photos/182769277/medium.jpg,1
6565,109620789,Tilden,20220326,Cirsium vulgare,https://www.inaturalist.org/observations/109620789,https://inaturalist-open-data.s3.amazonaws.com/photos/184779270/medium.jpeg,https://inaturalist-open-data.s3.amazonaws.com/photos/184779270/medium.jpeg,1
7179,132377123,Tilden,20220825,Cirsium vulgare,https://www.inaturalist.org/observations/132377123,https://static.inaturalist.org/photos/225424120/medium.jpg,https://static.inaturalist.org/photos/225424120/medium.jpg,1
7197,104387754,Tilden,20220104,Cirsium vulgare,https://www.inaturalist.org/observations/104387754,https://inaturalist-open-data.s3.amazonaws.com/photos/174901156/medium.jpeg,https://inaturalist-open-data.s3.amazonaws.com/photos/174901156/medium.jpeg,1
7490,129498233,Tilden,20220804,Cirsium vulgare,https://www.inaturalist.org/observations/129498233,https://inaturalist-open-data.s3.amazonaws.com/photos/220077211/medium.jpeg,https://inaturalist-open-data.s3.amazonaws.com/photos/220077211/medium.jpeg,1
7493,129659790,Tilden,20220805,Cirsium vulgare,https://www.inaturalist.org/observations/129659790,https://static.inaturalist.org/photos/220379620/medium.jpg,https://static.inaturalist.org/photos/220379620/medium.jpg,1
7504,131637810,Tilden,20220816,Cirsium vulgare,https://www.inaturalist.org/observations/131637810,https://static.inaturalist.org/photos/224045545/medium.jpg,https://static.inaturalist.org/photos/224045545/medium.jpg,1
7755,14448658,Tilden,20180715,Cirsium vulgare,https://www.inaturalist.org/observations/14448658,https://static.inaturalist.org/photos/21505415/medium.jpg,https://static.inaturalist.org/photos/21505415/medium.jpg,1
7759,16243652,Tilden,20180901,Cirsium vulgare,https://www.inaturalist.org/observations/16243652,https://inaturalist-open-data.s3.amazonaws.com/photos/24383006/medium.jpg,https://inaturalist-open-data.s3.amazonaws.com/photos/24383006/medium.jpg,1
7761,16243839,Tilden,20180901,Cirsium vulgare,https://www.inaturalist.org/observations/16243839,https://inaturalist-open-data.s3.amazonaws.com/photos/24383340/medium.jpg,https://inaturalist-open-data.s3.amazonaws.com/photos/24383340/medium.jpg,1
7768,16244273,Tilden,20180901,Cirsium vulgare,https://www.inaturalist.org/observations/16244273,https://inaturalist-open-data.s3.amazonaws.com/photos/24383005/medium.jpeg,https://inaturalist-open-data.s3.amazonaws.com/photos/24383005/medium.jpeg,1
7773,16244498,Tilden,20180901,Cirsium vulgare,https://www.inaturalist.org/observations/16244498,https://inaturalist-open-data.s3.amazonaws.com/photos/24383377/medium.jpeg,https://inaturalist-open-data.s3.amazonaws.com/photos/24383377/medium.jpeg,1
7775,16244572,Tilden,20180901,Cirsium vulgare,https://www.inaturalist.org/observations/16244572,https://inaturalist-open-data.s3.amazonaws.com/photos/24384032/medium.jpeg,https://inaturalist-open-data.s3.amazonaws.com/photos/24384032/medium.jpeg,1
7778,16244593,Tilden,20180901,Cirsium vulgare,https://www.inaturalist.org/observations/16244593,https://inaturalist-open-data.s3.amazonaws.com/photos/24383468/medium.jpeg,https://inaturalist-open-data.s3.amazonaws.com/photos/24383468/medium.jpeg,1
7780,16244606,Tilden,20180901,Cirsium vulgare,https://www.inaturalist.org/observations/16244606,https://inaturalist-open-data.s3.amazonaws.com/photos/24383282/medium.jpeg,https://inaturalist-open-data.s3.amazonaws.com/photos/24383282/medium.jpeg,1
7786,16244719,Tilden,20180901,Cirsium vulgare,https://www.inaturalist.org/observations/16244719,https://inaturalist-open-data.s3.amazonaws.com/photos/24384109/medium.jpg,https://inaturalist-open-data.s3.amazonaws.com/photos/24384109/medium.jpg,6
7790,16244733,Tilden,20180901,Cirsium vulgare,https://www.inaturalist.org/observations/16244733,https://inaturalist-open-data.s3.amazonaws.com/photos/24383323/medium.jpeg,https://inaturalist-open-data.s3.amazonaws.com/photos/24383323/medium.jpeg,1
7796,16445872,Tilden,20180901,Cirsium vulgare,https://www.inaturalist.org/observations/16445872,https://inaturalist-open-data.s3.amazonaws.com/photos/24747378/medium.jpeg,https://inaturalist-open-data.s3.amazonaws.com/photos/24747378/medium.jpeg,1
7798,16460490,Tilden,20180901,Cirsium vulgare,https://www.inaturalist.org/observations/16460490,https://inaturalist-open-data.s3.amazonaws.com/photos/24772838/medium.jpeg,https://inaturalist-open-data.s3.amazonaws.com/photos/24772838/medium.jpeg,1
7799,16597299,Tilden,20180901,Cirsium vulgare,https://www.inaturalist.org/observations/16597299,https://inaturalist-open-data.s3.amazonaws.com/photos/25004588/medium.jpeg,https://inaturalist-open-data.s3.amazonaws.com/photos/25004588/medium.jpeg,1
7887,22453798,Tilden,20190412,Cirsium vulgare,https://www.inaturalist.org/observations/22453798,https://inaturalist-open-data.s3.amazonaws.com/photos/34780822/medium.jpg,https://inaturalist-open-data.s3.amazonaws.com/photos/34780822/medium.jpg,0
8082,28403530,Tilden,20190707,Cirsium vulgare,https://www.inaturalist.org/observations/28403530,https://static.inaturalist.org/photos/44275339/medium.jpg,https://static.inaturalist.org/photos/44275339/medium.jpg,1
8121,34253592,Tilden,20191012,Cirsium vulgare,https://www.inaturalist.org/observations/34253592,https://static.inaturalist.org/photos/53906182/medium.jpg,https://static.inaturalist.org/photos/53906182/medium.jpg,1
8122,34266785,Tilden,20191012,Dipsacus sativus,https://www.inaturalist.org/observations/34266785,https://static.inaturalist.org/photos/53906279/medium.jpg,https://static.inaturalist.org/photos/53906279/medium.jpg,3
8378,51413629,Tilden,20200629,Cirsium vulgare,https://www.inaturalist.org/observations/51413629,https://inaturalist-open-data.s3.amazonaws.com/photos/81683821/medium.jpg,https://inaturalist-open-data.s3.amazonaws.com/photos/81683821/medium.jpg,1
8411,65713908,Tilden,20201127,Cirsium vulgare,https://www.inaturalist.org/observations/65713908,https://inaturalist-open-data.s3.amazonaws.com/photos/105813101/medium.jpg,https://inaturalist-open-data.s3.amazonaws.com/photos/105813101/medium.jpg,1
8415,68559965,Tilden,20201227,Dipsacus sativus,https://www.inaturalist.org/observations/68559965,https://static.inaturalist.org/photos/111045996/medium.jpg,https://static.inaturalist.org/photos/111045996/medium.jpg,5
8433,69705956,Tilden,20210215,Cirsium vulgare,https://www.inaturalist.org/observations/69705956,https://inaturalist-open-data.s3.amazonaws.com/photos/113164159/medium.jpg,https://inaturalist-open-data.s3.amazonaws.com/photos/113164159/medium.jpg,5
8873,79097098,Tilden,20210516,Cirsium vulgare,https://www.inaturalist.org/observations/79097098,https://inaturalist-open-data.s3.amazonaws.com/photos/129518759/medium.jpeg,https://inaturalist-open-data.s3.amazonaws.com/photos/129518759/medium.jpeg,1
9010,89578015,Tilden,20210801,Cirsium vulgare,https://www.inaturalist.org/observations/89578015,https://inaturalist-open-data.s3.amazonaws.com/photos/147940428/medium.jpeg,https://inaturalist-open-data.s3.amazonaws.com/photos/147940428/medium.jpeg,1
9069,15341759,Tilden,20180811,Cirsium vulgare,https://www.inaturalist.org/observations/15341759,https://inaturalist-open-data.s3.amazonaws.com/photos/22981063/medium.jpg,https://inaturalist-open-data.s3.amazonaws.com/photos/22981063/medium.jpg,1
9177,31480647,Tilden,20190824,Cirsium vulgare,https://www.inaturalist.org/observations/31480647,https://inaturalist-open-data.s3.amazonaws.com/photos/49271774/medium.jpg,https://inaturalist-open-data.s3.amazonaws.com/photos/49271774/medium.jpg,1
9185,33765816,Tilden,20190910,Cirsium vulgare,https://www.inaturalist.org/observations/33765816,https://inaturalist-open-data.s3.amazonaws.com/photos/53064732/medium.jpg,https://inaturalist-open-data.s3.amazonaws.com/photos/53064732/medium.jpg,1
9412,42439818,Tilden,20200410,Cirsium vulgare,https://www.inaturalist.org/observations/42439818,https://inaturalist-open-data.s3.amazonaws.com/photos/67386922/medium.jpg,https://inaturalist-open-data.s3.amazonaws.com/photos/67386922/medium.jpg,0
9428,42063979,Tilden,20200412,Cirsium vulgare,https://www.inaturalist.org/observations/42063979,https://inaturalist-open-data.s3.amazonaws.com/photos/66763375/medium.jpeg,https://inaturalist-open-data.s3.amazonaws.com/photos/66763375/medium.jpeg,1
9640,44187490,Tilden,20200426,Cirsium vulgare,https://www.inaturalist.org/observations/44187490,https://static.inaturalist.org/photos/70055748/medium.jpeg,https://static.inaturalist.org/photos/70055748/medium.jpeg,1
9836,52188741,Tilden,20200704,Cirsium vulgare,https://www.inaturalist.org/observations/52188741,https://inaturalist-open-data.s3.amazonaws.com/photos/82943930/medium.jpg,https://inaturalist-open-data.s3.amazonaws.com/photos/82943930/medium.jpg,1
9849,53336770,Tilden,20200716,Cirsium vulgare,https://www.inaturalist.org/observations/53336770,https://inaturalist-open-data.s3.amazonaws.com/photos/84824880/medium.jpeg,https://inaturalist-open-data.s3.amazonaws.com/photos/84824880/medium.jpeg,1
9852,53405835,Tilden,20200717,Cirsium vulgare,https://www.inaturalist.org/observations/53405835,https://inaturalist-open-data.s3.amazonaws.com/photos/84941052/medium.jpg,https://inaturalist-open-data.s3.amazonaws.com/photos/84941052/medium.jpg,1
9856,53864263,Tilden,20200721,Cirsium vulgare,https://www.inaturalist.org/observations/53864263,https://inaturalist-open-data.s3.amazonaws.com/photos/85683771/medium.jpg,https://inaturalist-open-data.s3.amazonaws.com/photos/85683771/medium.jpg,1
9870,56056055,Tilden,20200810,Cirsium vulgare,https://www.inaturalist.org/observations/56056055,https://static.inaturalist.org/photos/89299553/medium.jpg,https://static.inaturalist.org/photos/89299553/medium.jpg,1
9890,66948058,Tilden,20201222,Cirsium vulgare,https://www.inaturalist.org/observations/66948058,https://inaturalist-open-data.s3.amazonaws.com/photos/108046054/medium.jpeg,https://inaturalist-open-data.s3.amazonaws.com/photos/108046054/medium.jpeg,1
10067,76878060,Tilden,20210502,Cirsium vulgare,https://www.inaturalist.org/observations/76878060,https://inaturalist-open-data.s3.amazonaws.com/photos/125734155/medium.jpg,https://inaturalist-open-data.s3.amazonaws.com/photos/125734155/medium.jpg,6
10081,80940720,Tilden,20210530,Cirsium vulgare,https://www.inaturalist.org/observations/80940720,https://static.inaturalist.org/photos/141793648/medium.jpg,https://static.inaturalist.org/photos/141793648/medium.jpg,1
10129,87327230,Tilden,20210716,Cirsium vulgare,https://www.inaturalist.org/observations/87327230,https://static.inaturalist.org/photos/143960813/medium.jpeg,https://static.inaturalist.org/photos/143960813/medium.jpeg,1
10134,92105093,Tilden,20210820,Cirsium vulgare,https://www.inaturalist.org/observations/92105093,https://inaturalist-open-data.s3.amazonaws.com/photos/152683639/medium.jpg,https://inaturalist-open-data.s3.amazonaws.com/photos/152683639/medium.jpg,1
10135,94255584,Tilden,20210909,Cirsium vulgare,https://www.inaturalist.org/observations/94255584,https://static.inaturalist.org/photos/156568486/medium.jpg,https://static.inaturalist.org/photos/156568486/medium.jpg,1
10141,94438948,Tilden,20210909,Cirsium vulgare,https://www.inaturalist.org/observations/94438948,https://inaturalist-open-data.s3.amazonaws.com/photos/156658547/medium.jpg,https://inaturalist-open-data.s3.amazonaws.com/photos/156658547/medium.jpg,3
10143,94439269,Tilden,20210909,Cirsium vulgare,https://www.inaturalist.org/observations/94439269,https://inaturalist-open-data.s3.amazonaws.com/photos/156659163/medium.jpg,https://inaturalist-open-data.s3.amazonaws.com/photos/156659163/medium.jpg,3
10154,8541513,Tilden,20171021,Cirsium vulgare,https://www.inaturalist.org/observations/8541513,https://inaturalist-open-data.s3.amazonaws.com/photos/11409405/medium.jpg,https://inaturalist-open-data.s3.amazonaws.com/photos/11409405/medium.jpg,1
10201,8866354,Tilden,20171119,Cirsium vulgare,https://www.inaturalist.org/observations/8866354,https://static.inaturalist.org/photos/11920880/medium.jpg,https://static.inaturalist.org/photos/11920880/medium.jpg,5
10203,8866358,Tilden,20171119,Cirsium vulgare,https://www.inaturalist.org/observations/8866358,https://static.inaturalist.org/photos/11920889/medium.jpg,https://static.inaturalist.org/photos/11920889/medium.jpg,1
10458,16091859,Tilden,20180728,Cirsium vulgare,https://www.inaturalist.org/observations/16091859,https://inaturalist-open-data.s3.amazonaws.com/photos/24103506/medium.jpg,https://inaturalist-open-data.s3.amazonaws.com/photos/24103506/medium.jpg,1
10463,15113503,Tilden,20180804,Cirsium vulgare,https://www.inaturalist.org/observations/15113503,https://static.inaturalist.org/photos/22583548/medium.jpg,https://static.inaturalist.org/photos/22583548/medium.jpg,1
10478,16499242,Tilden,20180909,Cirsium vulgare,https://www.inaturalist.org/observations/16499242,https://inaturalist-open-data.s3.amazonaws.com/photos/24829830/medium.jpg,https://inaturalist-open-data.s3.amazonaws.com/photos/24829830/medium.jpg,1
10483,27182854,Tilden,20180915,Cirsium vulgare,https://www.inaturalist.org/observations/27182854,https://inaturalist-open-data.s3.amazonaws.com/photos/42267020/medium.jpg,https://inaturalist-open-data.s3.amazonaws.com/photos/42267020/medium.jpg,1
10716,29012938,Tilden,20190712,Cirsium vulgare,https://www.inaturalist.org/observations/29012938,https://inaturalist-open-data.s3.amazonaws.com/photos/45190451/medium.jpeg,https://inaturalist-open-data.s3.amazonaws.com/photos/45190451/medium.jpeg,6
10754,30351106,Tilden,20190805,Cirsium vulgare,https://www.inaturalist.org/observations/30351106,https://static.inaturalist.org/photos/47414556/medium.jpg,https://static.inaturalist.org/photos/47414556/medium.jpg,1
10764,31017547,Tilden,20190817,Cirsium vulgare,https://www.inaturalist.org/observations/31017547,https://static.inaturalist.org/photos/48500621/medium.jpg,https://static.inaturalist.org/photos/48500621/medium.jpg,1
10768,31213736,Tilden,20190820,Cirsium vulgare,https://www.inaturalist.org/observations/31213736,https://static.inaturalist.org/photos/48831666/medium.jpg,https://static.inaturalist.org/photos/48831666/medium.jpg,1
10770,31272896,Tilden,20190821,Cirsium vulgare,https://www.inaturalist.org/observations/31272896,https://inaturalist-open-data.s3.amazonaws.com/photos/48932257/medium.jpg,https://inaturalist-open-data.s3.amazonaws.com/photos/48932257/medium.jpg,1
10792,32559178,Tilden,20190907,Cirsium vulgare,https://www.inaturalist.org/observations/32559178,https://inaturalist-open-data.s3.amazonaws.com/photos/51077461/medium.jpg,https://inaturalist-open-data.s3.amazonaws.com/photos/51077461/medium.jpg,1
10795,32560092,Tilden,20190907,Cirsium vulgare,https://www.inaturalist.org/observations/32560092,https://inaturalist-open-data.s3.amazonaws.com/photos/51079424/medium.jpg,https://inaturalist-open-data.s3.amazonaws.com/photos/51079424/medium.jpg,1
10797,32560511,Tilden,20190907,Cirsium vulgare,https://www.inaturalist.org/observations/32560511,https://inaturalist-open-data.s3.amazonaws.com/photos/51079817/medium.jpeg,https://inaturalist-open-data.s3.amazonaws.com/photos/51079817/medium.jpeg,1
10798,32561088,Tilden,20190907,Cirsium vulgare,https://www.inaturalist.org/observations/32561088,https://inaturalist-open-data.s3.amazonaws.com/photos/51081851/medium.jpeg,https://inaturalist-open-data.s3.amazonaws.com/photos/51081851/medium.jpeg,1
10799,32561305,Tilden,20190907,Cirsium vulgare,https://www.inaturalist.org/observations/32561305,https://inaturalist-open-data.s3.amazonaws.com/photos/51081308/medium.jpeg,https://inaturalist-open-data.s3.amazonaws.com/photos/51081308/medium.jpeg,1
10800,32561310,Tilden,20190907,Cirsium vulgare,https://www.inaturalist.org/observations/32561310,https://inaturalist-open-data.s3.amazonaws.com/photos/51079757/medium.jpg,https://inaturalist-open-data.s3.amazonaws.com/photos/51079757/medium.jpg,1
10802,32561348,Tilden,20190907,Cirsium vulgare,https://www.inaturalist.org/observations/32561348,https://inaturalist-open-data.s3.amazonaws.com/photos/51081774/medium.jpg,https://inaturalist-open-data.s3.amazonaws.com/photos/51081774/medium.jpg,1
10804,32561466,Tilden,20190907,Cirsium vulgare,https://www.inaturalist.org/observations/32561466,https://inaturalist-open-data.s3.amazonaws.com/photos/51077566/medium.jpg,https://inaturalist-open-data.s3.amazonaws.com/photos/51077566/medium.jpg,1
10818,33457890,Tilden,20190925,Cirsium vulgare,https://www.inaturalist.org/observations/33457890,https://static.inaturalist.org/photos/52649534/medium.jpg,https://static.inaturalist.org/photos/52649534/medium.jpg,5
10876,37169178,Tilden,20200101,Cirsium vulgare,https://www.inaturalist.org/observations/37169178,https://inaturalist-open-data.s3.amazonaws.com/photos/58878437/medium.jpg,https://inaturalist-open-data.s3.amazonaws.com/photos/58878437/medium.jpg,1
10928,42789710,Tilden,20200421,Cirsium vulgare,https://www.inaturalist.org/observations/42789710,https://inaturalist-open-data.s3.amazonaws.com/photos/67952856/medium.jpg,https://inaturalist-open-data.s3.amazonaws.com/photos/67952856/medium.jpg,1
11062,69658138,Tilden,20200711,Cirsium vulgare,https://www.inaturalist.org/observations/69658138,https://inaturalist-open-data.s3.amazonaws.com/photos/113075385/medium.jpeg,https://inaturalist-open-data.s3.amazonaws.com/photos/113075385/medium.jpeg,1
11064,53022479,Tilden,20200713,Cirsium vulgare,https://www.inaturalist.org/observations/53022479,https://inaturalist-open-data.s3.amazonaws.com/photos/84316888/medium.jpg,https://inaturalist-open-data.s3.amazonaws.com/photos/84316888/medium.jpg,2
11065,53022493,Tilden,20200713,Cirsium vulgare,https://www.inaturalist.org/observations/53022493,https://inaturalist-open-data.s3.amazonaws.com/photos/84316930/medium.jpg,https://inaturalist-open-data.s3.amazonaws.com/photos/84316930/medium.jpg,2
11073,53539790,Tilden,20200718,Cirsium vulgare,https://www.inaturalist.org/observations/53539790,https://static.inaturalist.org/photos/85159492/medium.jpg,https://static.inaturalist.org/photos/85159492/medium.jpg,1
11083,55183063,Tilden,20200802,Cirsium vulgare,https://www.inaturalist.org/observations/55183063,https://inaturalist-open-data.s3.amazonaws.com/photos/87850269/medium.jpeg,https://inaturalist-open-data.s3.amazonaws.com/photos/87850269/medium.jpeg,1
11084,55183412,Tilden,20200802,Cirsium vulgare,https://www.inaturalist.org/observations/55183412,https://inaturalist-open-data.s3.amazonaws.com/photos/87850823/medium.jpeg,https://inaturalist-open-data.s3.amazonaws.com/photos/87850823/medium.jpeg,1
11122,55949912,Tilden,20200809,Cirsium vulgare,https://www.inaturalist.org/observations/55949912,https://static.inaturalist.org/photos/89207886/medium.jpg,https://static.inaturalist.org/photos/89207886/medium.jpg,1
11158,61266231,Tilden,20200929,Cirsium vulgare,https://www.inaturalist.org/observations/61266231,https://inaturalist-open-data.s3.amazonaws.com/photos/98018979/medium.jpeg,https://inaturalist-open-data.s3.amazonaws.com/photos/98018979/medium.jpeg,1
11165,61545795,Tilden,20201002,Cirsium vulgare,https://www.inaturalist.org/observations/61545795,https://inaturalist-open-data.s3.amazonaws.com/photos/98499964/medium.jpg,https://inaturalist-open-data.s3.amazonaws.com/photos/98499964/medium.jpg,1
11182,61824431,Tilden,20201005,Cirsium vulgare,https://www.inaturalist.org/observations/61824431,https://inaturalist-open-data.s3.amazonaws.com/photos/98977323/medium.jpg,https://inaturalist-open-data.s3.amazonaws.com/photos/98977323/medium.jpg,1
11208,65127534,Tilden,20201117,Cirsium vulgare,https://www.inaturalist.org/observations/65127534,https://inaturalist-open-data.s3.amazonaws.com/photos/104789312/medium.jpg,https://inaturalist-open-data.s3.amazonaws.com/photos/104789312/medium.jpg,1
11225,66003161,Tilden,20201130,Cirsium vulgare,https://www.inaturalist.org/observations/66003161,https://inaturalist-open-data.s3.amazonaws.com/photos/106311174/medium.jpg,https://inaturalist-open-data.s3.amazonaws.com/photos/106311174/medium.jpg,5
11228,66394005,Tilden,20201210,Dipsacus sativus,https://www.inaturalist.org/observations/66394005,https://inaturalist-open-data.s3.amazonaws.com/photos/107022750/medium.jpg,https://inaturalist-open-data.s3.amazonaws.com/photos/107022750/medium.jpg,1
11238,67926531,Tilden,20210111,Cirsium vulgare,https://www.inaturalist.org/observations/67926531,https://inaturalist-open-data.s3.amazonaws.com/photos/109944437/medium.jpg,https://inaturalist-open-data.s3.amazonaws.com/photos/109944437/medium.jpg,6
11499,84242019,Tilden,20210623,Cirsium vulgare,https://www.inaturalist.org/observations/84242019,https://inaturalist-open-data.s3.amazonaws.com/photos/138437232/medium.jpg,https://inaturalist-open-data.s3.amazonaws.com/photos/138437232/medium.jpg,2
11529,86242795,Tilden,20210708,Cirsium vulgare,https://www.inaturalist.org/observations/86242795,https://static.inaturalist.org/photos/142044625/medium.jpg,https://static.inaturalist.org/photos/142044625/medium.jpg,1
11537,87032577,Tilden,20210714,Cirsium vulgare,https://www.inaturalist.org/observations/87032577,https://static.inaturalist.org/photos/143474353/medium.jpg,https://static.inaturalist.org/photos/143474353/medium.jpg,1
11545,88571272,Tilden,20210725,Cirsium vulgare,https://www.inaturalist.org/observations/88571272,https://inaturalist-open-data.s3.amazonaws.com/photos/146490857/medium.jpg,https://inaturalist-open-data.s3.amazonaws.com/photos/146490857/medium.jpg,1
11553,89390127,Tilden,20210731,Cirsium vulgare,https://www.inaturalist.org/observations/89390127,https://inaturalist-open-data.s3.amazonaws.com/photos/147607855/medium.jpeg,https://inaturalist-open-data.s3.amazonaws.com/photos/147607855/medium.jpeg,1
11554,89415058,Tilden,20210731,Cirsium vulgare,https://www.inaturalist.org/observations/89415058,https://inaturalist-open-data.s3.amazonaws.com/photos/147654236/medium.jpg,https://inaturalist-open-data.s3.amazonaws.com/photos/147654236/medium.jpg,1
11566,90963999,Tilden,20210806,Cirsium vulgare,https://www.inaturalist.org/observations/90963999,https://inaturalist-open-data.s3.amazonaws.com/photos/150396206/medium.jpg,https://inaturalist-open-data.s3.amazonaws.com/photos/150396206/medium.jpg,1
11573,90476598,Tilden,20210808,Cirsium vulgare,https://www.inaturalist.org/observations/90476598,https://static.inaturalist.org/photos/149539947/medium.jpg,https://static.inaturalist.org/photos/149539947/medium.jpg,1
11614,94708599,Tilden,20210912,Cirsium vulgare,https://www.inaturalist.org/observations/94708599,https://inaturalist-open-data.s3.amazonaws.com/photos/157140785/medium.jpg,https://inaturalist-open-data.s3.amazonaws.com/photos/157140785/medium.jpg,3
11625,95505571,Tilden,20210919,Cirsium vulgare,https://www.inaturalist.org/observations/95505571,https://inaturalist-open-data.s3.amazonaws.com/photos/158578411/medium.jpg,https://inaturalist-open-data.s3.amazonaws.com/photos/158578411/medium.jpg,3
12560,39943479,AChabot,20200313,Cirsium vulgare,https://www.inaturalist.org/observations/39943479,https://static.inaturalist.org/photos/63424700/medium.jpeg,https://static.inaturalist.org/photos/63424700/medium.jpeg,6
12694,53689345,AChabot,20200719,Cirsium vulgare,https://www.inaturalist.org/observations/53689345,https://static.inaturalist.org/photos/85402606/medium.jpg,https://static.inaturalist.org/photos/85402606/medium.jpg,1
12699,66983358,AChabot,20201223,Cirsium vulgare,https://www.inaturalist.org/observations/66983358,https://inaturalist-open-data.s3.amazonaws.com/photos/108116106/medium.jpg,https://inaturalist-open-data.s3.amazonaws.com/photos/108116106/medium.jpg,1
13097,80041639,AChabot,20210523,Cirsium vulgare,https://www.inaturalist.org/observations/80041639,https://inaturalist-open-data.s3.amazonaws.com/photos/131150042/medium.jpeg,https://inaturalist-open-data.s3.amazonaws.com/photos/131150042/medium.jpeg,0
13115,81080765,AChabot,20210523,Cirsium vulgare,https://www.inaturalist.org/observations/81080765,https://inaturalist-open-data.s3.amazonaws.com/photos/132949421/medium.jpg,https://inaturalist-open-data.s3.amazonaws.com/photos/132949421/medium.jpg,1
13123,80666022,AChabot,20210528,Cirsium vulgare,https://www.inaturalist.org/observations/80666022,https://inaturalist-open-data.s3.amazonaws.com/photos/132227692/medium.jpeg,https://inaturalist-open-data.s3.amazonaws.com/photos/132227692/medium.jpeg,2
13178,92176265,AChabot,20210822,Cirsium vulgare,https://www.inaturalist.org/observations/92176265,https://inaturalist-open-data.s3.amazonaws.com/photos/152578594/medium.jpeg,https://inaturalist-open-data.s3.amazonaws.com/photos/152578594/medium.jpeg,3
13517,45123754,AChabot,20200506,Cirsium vulgare,https://www.inaturalist.org/observations/45123754,https://inaturalist-open-data.s3.amazonaws.com/photos/71535514/medium.jpg,https://inaturalist-open-data.s3.amazonaws.com/photos/71535514/medium.jpg,1
13562,68865197,AChabot,20210131,Cirsium vulgare,https://www.inaturalist.org/observations/68865197,https://static.inaturalist.org/photos/111613695/medium.jpg,https://static.inaturalist.org/photos/111613695/medium.jpg,5
13674,14887861,AChabot,20180728,Cirsium vulgare,https://www.inaturalist.org/observations/14887861,https://static.inaturalist.org/photos/22219401/medium.jpg,https://static.inaturalist.org/photos/22219401/medium.jpg,1
13676,15204521,AChabot,20180807,Cirsium vulgare,https://www.inaturalist.org/observations/15204521,https://inaturalist-open-data.s3.amazonaws.com/photos/22744369/medium.jpg,https://inaturalist-open-data.s3.amazonaws.com/photos/22744369/medium.jpg,1
14030,96555397,AChabot,20210928,Cirsium vulgare,https://www.inaturalist.org/observations/96555397,https://inaturalist-open-data.s3.amazonaws.com/photos/160428675/medium.jpg,https://inaturalist-open-data.s3.amazonaws.com/photos/160428675/medium.jpg,1
14113,16488080,AChabot,20180912,Cirsium vulgare,https://www.inaturalist.org/observations/16488080,https://inaturalist-open-data.s3.amazonaws.com/photos/24815453/medium.jpg,https://inaturalist-open-data.s3.amazonaws.com/photos/24815453/medium.jpg,1
14146,32373220,AChabot,20190908,Cirsium vulgare,https://www.inaturalist.org/observations/32373220,https://inaturalist-open-data.s3.amazonaws.com/photos/50766861/medium.jpg,https://inaturalist-open-data.s3.amazonaws.com/photos/50766861/medium.jpg,1
14184,85946625,AChabot,20210706,Cirsium vulgare,https://www.inaturalist.org/observations/85946625,https://inaturalist-open-data.s3.amazonaws.com/photos/141500139/medium.jpeg,https://inaturalist-open-data.s3.amazonaws.com/photos/141500139/medium.jpeg,1
14193,86931813,AChabot,20210711,Cirsium vulgare,https://www.inaturalist.org/observations/86931813,https://static.inaturalist.org/photos/143296135/medium.jpg,https://static.inaturalist.org/photos/143296135/medium.jpg,1
14196,87231619,AChabot,20210715,Cirsium vulgare,https://www.inaturalist.org/observations/87231619,https://inaturalist-open-data.s3.amazonaws.com/photos/143784774/medium.jpeg,https://inaturalist-open-data.s3.amazonaws.com/photos/143784774/medium.jpeg,1
14224,106354556,JDGrant,20220116,Cirsium vulgare,https://www.inaturalist.org/observations/106354556,https://inaturalist-open-data.s3.amazonaws.com/photos/178646444/medium.jpeg,https://inaturalist-open-data.s3.amazonaws.com/photos/178646444/medium.jpeg,6
14893,67895638,JDGrant,20210110,Cirsium vulgare,https://www.inaturalist.org/observations/67895638,https://inaturalist-open-data.s3.amazonaws.com/photos/109813942/medium.jpg,https://inaturalist-open-data.s3.amazonaws.com/photos/109813942/medium.jpg,5
15281,36113464,JDGrant,20191126,Cirsium vulgare,https://www.inaturalist.org/observations/36113464,https://inaturalist-open-data.s3.amazonaws.com/photos/57050156/medium.jpg,https://inaturalist-open-data.s3.amazonaws.com/photos/57050156/medium.jpg,5
15669,54200193,JDGrant,20200723,Cirsium vulgare,https://www.inaturalist.org/observations/54200193,https://static.inaturalist.org/photos/86230581/medium.jpeg,https://static.inaturalist.org/photos/86230581/medium.jpeg,1
15672,54305162,JDGrant,20200725,Cirsium vulgare,https://www.inaturalist.org/observations/54305162,https://inaturalist-open-data.s3.amazonaws.com/photos/86402645/medium.jpg,https://inaturalist-open-data.s3.amazonaws.com/photos/86402645/medium.jpg,1
15702,71455939,JDGrant,20210317,Cirsium vulgare,https://www.inaturalist.org/observations/71455939,https://inaturalist-open-data.s3.amazonaws.com/photos/116340120/medium.jpg,https://inaturalist-open-data.s3.amazonaws.com/photos/116340120/medium.jpg,5
15894,15908252,JDGrant,20180825,Cirsium vulgare,https://www.inaturalist.org/observations/15908252,https://inaturalist-open-data.s3.amazonaws.com/photos/23790849/medium.jpeg,https://inaturalist-open-data.s3.amazonaws.com/photos/23790849/medium.jpeg,1
15895,15908253,JDGrant,20180825,Cirsium vulgare,https://www.inaturalist.org/observations/15908253,https://inaturalist-open-data.s3.amazonaws.com/photos/23790876/medium.jpeg,https://inaturalist-open-data.s3.amazonaws.com/photos/23790876/medium.jpeg,1
15903,15926419,JDGrant,20180825,Cirsium vulgare,https://www.inaturalist.org/observations/15926419,https://inaturalist-open-data.s3.amazonaws.com/photos/23824845/medium.jpeg,https://inaturalist-open-data.s3.amazonaws.com/photos/23824845/medium.jpeg,1
15924,17072593,JDGrant,20180929,Cirsium vulgare,https://www.inaturalist.org/observations/17072593,https://inaturalist-open-data.s3.amazonaws.com/photos/25838097/medium.jpeg,https://inaturalist-open-data.s3.amazonaws.com/photos/25838097/medium.jpeg,1
15957,32155514,JDGrant,20190904,Cirsium vulgare,https://www.inaturalist.org/observations/32155514,https://inaturalist-open-data.s3.amazonaws.com/photos/50405120/medium.jpeg,https://inaturalist-open-data.s3.amazonaws.com/photos/50405120/medium.jpeg,1
16014,56390489,JDGrant,20200807,Cirsium vulgare,https://www.inaturalist.org/observations/56390489,https://inaturalist-open-data.s3.amazonaws.com/photos/89862867/medium.jpeg,https://inaturalist-open-data.s3.amazonaws.com/photos/89862867/medium.jpeg,1
16025,63177401,JDGrant,20201020,Cirsium vulgare,https://www.inaturalist.org/observations/63177401,https://inaturalist-open-data.s3.amazonaws.com/photos/101350924/medium.jpeg,https://inaturalist-open-data.s3.amazonaws.com/photos/101350924/medium.jpeg,1
16184,29053474,JDGrant,20190717,Cirsium vulgare,https://www.inaturalist.org/observations/29053474,https://inaturalist-open-data.s3.amazonaws.com/photos/45324811/medium.jpeg,https://inaturalist-open-data.s3.amazonaws.com/photos/45324811/medium.jpeg,1
16190,29057839,JDGrant,20190717,Cirsium vulgare,https://www.inaturalist.org/observations/29057839,https://inaturalist-open-data.s3.amazonaws.com/photos/45330993/medium.jpeg,https://inaturalist-open-data.s3.amazonaws.com/photos/45330993/medium.jpeg,1
16203,87256437,JDGrant,20210715,Cirsium vulgare,https://www.inaturalist.org/observations/87256437,https://inaturalist-open-data.s3.amazonaws.com/photos/143823865/medium.jpeg,https://inaturalist-open-data.s3.amazonaws.com/photos/143823865/medium.jpeg,1
16243,64406130,JDGrant,20201107,Cirsium vulgare,https://www.inaturalist.org/observations/64406130,https://inaturalist-open-data.s3.amazonaws.com/photos/103540109/medium.jpg,https://inaturalist-open-data.s3.amazonaws.com/photos/103540109/medium.jpg,3
16281,16914306,JDGrant,20180925,Cirsium vulgare,https://www.inaturalist.org/observations/16914306,https://static.inaturalist.org/photos/25555136/medium.jpg,https://static.inaturalist.org/photos/25555136/medium.jpg,3
16282,17268991,JDGrant,20181006,Cirsium vulgare,https://www.inaturalist.org/observations/17268991,https://inaturalist-open-data.s3.amazonaws.com/photos/26194397/medium.jpeg,https://inaturalist-open-data.s3.amazonaws.com/photos/26194397/medium.jpeg,1
16336,56870385,JDGrant,20200818,Cirsium vulgare,https://www.inaturalist.org/observations/56870385,https://inaturalist-open-data.s3.amazonaws.com/photos/90661153/medium.jpg,https://inaturalist-open-data.s3.amazonaws.com/photos/90661153/medium.jpg,3
16346,56870814,JDGrant,20200818,Cirsium vulgare,https://www.inaturalist.org/observations/56870814,https://inaturalist-open-data.s3.amazonaws.com/photos/90661937/medium.jpg,https://inaturalist-open-data.s3.amazonaws.com/photos/90661937/medium.jpg,1
16583,43354306,Garin,20200419,Cirsium vulgare,https://www.inaturalist.org/observations/43354306,https://static.inaturalist.org/photos/68799818/medium.jpeg,https://static.inaturalist.org/photos/68799818/medium.jpeg,0