STATION,DATE,LATITUDE,LONGITUDE,ELEVATION,NAME,PRCP,PRCP_ATTRIBUTES,SNOW,SNOW_ATTRIBUTES,SNWD,SNWD_ATTRIBUTES,DAPR,DAPR_ATTRIBUTES,MDPR,MDPR_ATTRIBUTES,WESD,WESD_ATTRIBUTES,WESF,WESF_ATTRIBUTES
US1CAAL0034,9/16/19,37.877502,-122.281264,36.6,"BERKELEY 1.1 NE, CA US",18,",,N",,,,,,,,,,,,
US1CAAL0034,9/17/19,37.877502,-122.281264,36.6,"BERKELEY 1.1 NE, CA US",18,",,N",,,,,,,,,,,,
US1CAAL0034,9/18/19,37.877502,-122.281264,36.6,"BERKELEY 1.1 NE, CA US",0,",,N",0,",,N",,,,,,,,,,
US1CAAL0034,9/19/19,37.877502,-122.281264,36.6,"BERKELEY 1.1 NE, CA US",20,",,N",,,,,,,,,,,,
US1CAAL0034,9/20/19,37.877502,-122.281264,36.6,"BERKELEY 1.1 NE, CA US",0,",,N",0,",,N",,,,,,,,,,
US1CAAL0034,9/21/19,37.877502,-122.281264,36.6,"BERKELEY 1.1 NE, CA US",0,",,N",0,",,N",,,,,,,,,,
US1CAAL0034,9/22/19,37.877502,-122.281264,36.6,"BERKELEY 1.1 NE, CA US",0,",,N",0,",,N",,,,,,,,,,
US1CAAL0034,9/23/19,37.877502,-122.281264,36.6,"BERKELEY 1.1 NE, CA US",0,",,N",0,",,N",,,,,,,,,,
US1CAAL0034,9/24/19,37.877502,-122.281264,36.6,"BERKELEY 1.1 NE, CA US",0,",,N",0,",,N",,,,,,,,,,
US1CAAL0034,9/25/19,37.877502,-122.281264,36.6,"BERKELEY 1.1 NE, CA US",0,",,N",0,",,N",,,,,,,,,,
US1CAAL0034,9/26/19,37.877502,-122.281264,36.6,"BERKELEY 1.1 NE, CA US",0,",,N",0,",,N",,,,,,,,,,
US1CAAL0034,9/27/19,37.877502,-122.281264,36.6,"BERKELEY 1.1 NE, CA US",0,"T,,N",,,,,,,,,,,,
US1CAAL0034,9/28/19,37.877502,-122.281264,36.6,"BERKELEY 1.1 NE, CA US",0,",,N",0,",,N",,,,,,,,,,
US1CAAL0034,9/29/19,37.877502,-122.281264,36.6,"BERKELEY 1.1 NE, CA US",0,",,N",0,",,N",,,,,,,,,,
US1CAAL0034,9/30/19,37.877502,-122.281264,36.6,"BERKELEY 1.1 NE, CA US",0,",,N",0,",,N",,,,,,,,,,
US1CAAL0034,10/1/19,37.877502,-122.281264,36.6,"BERKELEY 1.1 NE, CA US",0,",,N",0,",,N",,,,,,,,,,
US1CAAL0034,10/2/19,37.877502,-122.281264,36.6,"BERKELEY 1.1 NE, CA US",0,",,N",0,",,N",,,,,,,,,,
US1CAAL0034,10/3/19,37.877502,-122.281264,36.6,"BERKELEY 1.1 NE, CA US",0,",,N",0,",,N",,,,,,,,,,
US1CAAL0034,10/4/19,37.877502,-122.281264,36.6,"BERKELEY 1.1 NE, CA US",0,",,N",0,",,N",,,,,,,,,,
US1CAAL0034,10/5/19,37.877502,-122.281264,36.6,"BERKELEY 1.1 NE, CA US",0,",,N",0,",,N",,,,,,,,,,
US1CAAL0034,10/6/19,37.877502,-122.281264,36.6,"BERKELEY 1.1 NE, CA US",0,",,N",0,",,N",,,,,,,,,,
US1CAAL0034,10/7/19,37.877502,-122.281264,36.6,"BERKELEY 1.1 NE, CA US",0,",,N",0,",,N",,,,,,,,,,
US1CAAL0034,10/8/19,37.877502,-122.281264,36.6,"BERKELEY 1.1 NE, CA US",0,",,N",0,",,N",,,,,,,,,,
US1CAAL0034,10/9/19,37.877502,-122.281264,36.6,"BERKELEY 1.1 NE, CA US",0,",,N",0,",,N",,,,,,,,,,
US1CAAL0034,10/10/19,37.877502,-122.281264,36.6,"BERKELEY 1.1 NE, CA US",0,",,N",0,",,N",,,,,,,,,,
US1CAAL0034,10/11/19,37.877502,-122.281264,36.6,"BERKELEY 1.1 NE, CA US",0,",,N",0,",,N",,,,,,,,,,
US1CAAL0034,10/12/19,37.877502,-122.281264,36.6,"BERKELEY 1.1 NE, CA US",0,",,N",0,",,N",,,,,,,,,,
US1CAAL0034,10/13/19,37.877502,-122.281264,36.6,"BERKELEY 1.1 NE, CA US",0,",,N",0,",,N",,,,,,,,,,
US1CAAL0034,10/14/19,37.877502,-122.281264,36.6,"BERKELEY 1.1 NE, CA US",0,",,N",0,",,N",,,,,,,,,,
US1CAAL0034,10/15/19,37.877502,-122.281264,36.6,"BERKELEY 1.1 NE, CA US",0,",,N",0,",,N",,,,,,,,,,
US1CAAL0034,10/16/19,37.877502,-122.281264,36.6,"BERKELEY 1.1 NE, CA US",0,",,N",0,",,N",,,,,,,,,,
US1CAAL0034,10/17/19,37.877502,-122.281264,36.6,"BERKELEY 1.1 NE, CA US",0,",,N",0,",,N",,,,,,,,,,
US1CAAL0034,10/18/19,37.877502,-122.281264,36.6,"BERKELEY 1.1 NE, CA US",0,",,N",0,",,N",,,,,,,,,,
US1CAAL0034,10/19/19,37.877502,-122.281264,36.6,"BERKELEY 1.1 NE, CA US",0,",,N",0,",,N",,,,,,,,,,
US1CAAL0034,10/20/19,37.877502,-122.281264,36.6,"BERKELEY 1.1 NE, CA US",0,",,N",0,",,N",,,,,,,,,,
US1CAAL0034,10/21/19,37.877502,-122.281264,36.6,"BERKELEY 1.1 NE, CA US",0,",,N",0,",,N",,,,,,,,,,
US1CAAL0034,10/22/19,37.877502,-122.281264,36.6,"BERKELEY 1.1 NE, CA US",0,",,N",0,",,N",,,,,,,,,,
US1CAAL0034,10/23/19,37.877502,-122.281264,36.6,"BERKELEY 1.1 NE, CA US",0,",,N",0,",,N",,,,,,,,,,
US1CAAL0034,10/24/19,37.877502,-122.281264,36.6,"BERKELEY 1.1 NE, CA US",0,",,N",0,",,N",,,,,,,,,,
US1CAAL0034,10/25/19,37.877502,-122.281264,36.6,"BERKELEY 1.1 NE, CA US",0,",,N",0,",,N",,,,,,,,,,
US1CAAL0034,10/26/19,37.877502,-122.281264,36.6,"BERKELEY 1.1 NE, CA US",0,",,N",0,",,N",,,,,,,,,,
US1CAAL0034,10/27/19,37.877502,-122.281264,36.6,"BERKELEY 1.1 NE, CA US",0,",,N",0,",,N",,,,,,,,,,
US1CAAL0034,10/28/19,37.877502,-122.281264,36.6,"BERKELEY 1.1 NE, CA US",0,",,N",0,",,N",,,,,,,,,,
US1CAAL0034,10/29/19,37.877502,-122.281264,36.6,"BERKELEY 1.1 NE, CA US",0,",,N",0,",,N",,,,,,,,,,
US1CAAL0034,10/30/19,37.877502,-122.281264,36.6,"BERKELEY 1.1 NE, CA US",0,",,N",0,",,N",,,,,,,,,,
US1CAAL0034,10/31/19,37.877502,-122.281264,36.6,"BERKELEY 1.1 NE, CA US",0,",,N",0,",,N",,,,,,,,,,
US1CAAL0034,11/1/19,37.877502,-122.281264,36.6,"BERKELEY 1.1 NE, CA US",0,",,N",0,",,N",,,,,,,,,,
US1CAAL0034,11/2/19,37.877502,-122.281264,36.6,"BERKELEY 1.1 NE, CA US",0,",,N",0,",,N",,,,,,,,,,
US1CAAL0034,11/3/19,37.877502,-122.281264,36.6,"BERKELEY 1.1 NE, CA US",0,",,N",0,",,N",,,,,,,,,,
US1CAAL0034,11/4/19,37.877502,-122.281264,36.6,"BERKELEY 1.1 NE, CA US",0,",,N",0,",,N",,,,,,,,,,
US1CAAL0034,11/5/19,37.877502,-122.281264,36.6,"BERKELEY 1.1 NE, CA US",0,",,N",0,",,N",,,,,,,,,,
US1CAAL0034,11/6/19,37.877502,-122.281264,36.6,"BERKELEY 1.1 NE, CA US",0,",,N",0,",,N",,,,,,,,,,
US1CAAL0034,11/8/19,37.877502,-122.281264,36.6,"BERKELEY 1.1 NE, CA US",0,",,N",0,",,N",,,,,,,,,,
US1CAAL0034,11/9/19,37.877502,-122.281264,36.6,"BERKELEY 1.1 NE, CA US",0,",,N",0,",,N",,,,,,,,,,
US1CAAL0034,11/10/19,37.877502,-122.281264,36.6,"BERKELEY 1.1 NE, CA US",0,",,N",0,",,N",,,,,,,,,,
US1CAAL0034,11/11/19,37.877502,-122.281264,36.6,"BERKELEY 1.1 NE, CA US",0,",,N",0,",,N",,,,,,,,,,
US1CAAL0034,11/12/19,37.877502,-122.281264,36.6,"BERKELEY 1.1 NE, CA US",0,",,N",0,",,N",,,,,,,,,,
US1CAAL0034,11/13/19,37.877502,-122.281264,36.6,"BERKELEY 1.1 NE, CA US",0,",,N",0,",,N",,,,,,,,,,
US1CAAL0034,11/14/19,37.877502,-122.281264,36.6,"BERKELEY 1.1 NE, CA US",0,",,N",0,",,N",,,,,,,,,,
US1CAAL0034,11/15/19,37.877502,-122.281264,36.6,"BERKELEY 1.1 NE, CA US",3,",,N",,,,,,,,,,,,
US1CAAL0034,11/16/19,37.877502,-122.281264,36.6,"BERKELEY 1.1 NE, CA US",0,",,N",0,",,N",,,,,,,,,,
US1CAAL0034,11/17/19,37.877502,-122.281264,36.6,"BERKELEY 1.1 NE, CA US",0,",,N",0,",,N",,,,,,,,,,
US1CAAL0034,11/18/19,37.877502,-122.281264,36.6,"BERKELEY 1.1 NE, CA US",0,",,N",0,",,N",,,,,,,,,,
US1CAAL0034,11/19/19,37.877502,-122.281264,36.6,"BERKELEY 1.1 NE, CA US",0,",,N",0,",,N",,,,,,,,,,
US1CAAL0034,11/20/19,37.877502,-122.281264,36.6,"BERKELEY 1.1 NE, CA US",0,",,N",0,",,N",,,,,,,,,,
US1CAAL0034,11/21/19,37.877502,-122.281264,36.6,"BERKELEY 1.1 NE, CA US",0,",,N",0,",,N",,,,,,,,,,
US1CAAL0034,11/22/19,37.877502,-122.281264,36.6,"BERKELEY 1.1 NE, CA US",0,",,N",0,",,N",,,,,,,,,,
US1CAAL0034,11/23/19,37.877502,-122.281264,36.6,"BERKELEY 1.1 NE, CA US",0,",,N",0,",,N",,,,,,,,,,
US1CAAL0034,11/24/19,37.877502,-122.281264,36.6,"BERKELEY 1.1 NE, CA US",0,",,N",0,",,N",,,,,,,,,,
US1CAAL0034,11/25/19,37.877502,-122.281264,36.6,"BERKELEY 1.1 NE, CA US",0,",,N",0,",,N",,,,,,,,,,
US1CAAL0034,11/26/19,37.877502,-122.281264,36.6,"BERKELEY 1.1 NE, CA US",0,",,N",0,",,N",,,,,,,,,,
US1CAAL0034,11/27/19,37.877502,-122.281264,36.6,"BERKELEY 1.1 NE, CA US",168,",,N",,,,,,,,,,,,
US1CAAL0034,11/28/19,37.877502,-122.281264,36.6,"BERKELEY 1.1 NE, CA US",74,",,N",,,,,,,,,,,,
US1CAAL0034,11/29/19,37.877502,-122.281264,36.6,"BERKELEY 1.1 NE, CA US",0,",,N",0,",,N",,,,,,,,,,
US1CAAL0034,11/30/19,37.877502,-122.281264,36.6,"BERKELEY 1.1 NE, CA US",0,"T,,N",,,,,,,,,,,,
US1CAAL0034,12/1/19,37.877502,-122.281264,36.6,"BERKELEY 1.1 NE, CA US",58,",,N",,,,,,,,,,,,
US1CAAL0034,12/2/19,37.877502,-122.281264,36.6,"BERKELEY 1.1 NE, CA US",127,",,N",,,,,,,,,,,,
US1CAAL0034,12/3/19,37.877502,-122.281264,36.6,"BERKELEY 1.1 NE, CA US",25,",,N",,,,,,,,,,,,
US1CAAL0034,12/4/19,37.877502,-122.281264,36.6,"BERKELEY 1.1 NE, CA US",41,",,N",,,,,,,,,,,,
US1CAAL0034,12/5/19,37.877502,-122.281264,36.6,"BERKELEY 1.1 NE, CA US",13,",,N",,,,,,,,,,,,
US1CAAL0034,12/6/19,37.877502,-122.281264,36.6,"BERKELEY 1.1 NE, CA US",0,",,N",0,",,N",,,,,,,,,,
US1CAAL0034,12/10/19,37.877502,-122.281264,36.6,"BERKELEY 1.1 NE, CA US",,,,,,,4,",,N",422,",,N",,,,
US1CAAL0034,12/11/19,37.877502,-122.281264,36.6,"BERKELEY 1.1 NE, CA US",48,",,N",,,,,,,,,,,,
US1CAAL0034,12/12/19,37.877502,-122.281264,36.6,"BERKELEY 1.1 NE, CA US",30,",,N",,,,,,,,,,,,
US1CAAL0034,12/13/19,37.877502,-122.281264,36.6,"BERKELEY 1.1 NE, CA US",20,",,N",,,,,,,,,,,,
US1CAAL0034,12/14/19,37.877502,-122.281264,36.6,"BERKELEY 1.1 NE, CA US",36,",,N",,,,,,,,,,,,
US1CAAL0034,12/15/19,37.877502,-122.281264,36.6,"BERKELEY 1.1 NE, CA US",3,",,N",,,,,,,,,,,,
US1CAAL0034,12/16/19,37.877502,-122.281264,36.6,"BERKELEY 1.1 NE, CA US",0,",,N",0,",,N",,,,,,,,,,
US1CAAL0034,12/17/19,37.877502,-122.281264,36.6,"BERKELEY 1.1 NE, CA US",0,",,N",0,",,N",,,,,,,,,,
US1CAAL0034,12/18/19,37.877502,-122.281264,36.6,"BERKELEY 1.1 NE, CA US",64,",,N",,,,,,,,,,,,
US1CAAL0034,12/19/19,37.877502,-122.281264,36.6,"BERKELEY 1.1 NE, CA US",74,",,N",,,,,,,,,,,,
US1CAAL0034,12/20/19,37.877502,-122.281264,36.6,"BERKELEY 1.1 NE, CA US",3,",,N",0,",,N",,,,,,,,,,
US1CAAL0034,12/21/19,37.877502,-122.281264,36.6,"BERKELEY 1.1 NE, CA US",0,",,N",0,",,N",,,,,,,,,,
US1CAAL0034,12/22/19,37.877502,-122.281264,36.6,"BERKELEY 1.1 NE, CA US",81,",,N",,,,,,,,,,,,
US1CAAL0034,12/23/19,37.877502,-122.281264,36.6,"BERKELEY 1.1 NE, CA US",91,",,N",,,,,,,,,,,,
US1CAAL0034,12/24/19,37.877502,-122.281264,36.6,"BERKELEY 1.1 NE, CA US",0,",,N",0,",,N",,,,,,,,,,
US1CAAL0034,12/25/19,37.877502,-122.281264,36.6,"BERKELEY 1.1 NE, CA US",99,",,N",,,,,,,,,,,,
US1CAAL0034,12/26/19,37.877502,-122.281264,36.6,"BERKELEY 1.1 NE, CA US",0,",,N",0,",,N",,,,,,,,,,
US1CAAL0034,12/27/19,37.877502,-122.281264,36.6,"BERKELEY 1.1 NE, CA US",0,",,N",0,",,N",,,,,,,,,,
US1CAAL0034,12/28/19,37.877502,-122.281264,36.6,"BERKELEY 1.1 NE, CA US",0,",,N",0,",,N",,,,,,,,,,
US1CAAL0034,12/29/19,37.877502,-122.281264,36.6,"BERKELEY 1.1 NE, CA US",0,"T,,N",,,,,,,,,,,,
US1CAAL0034,12/30/19,37.877502,-122.281264,36.6,"BERKELEY 1.1 NE, CA US",132,",,N",,,,,,,,,,,,
US1CAAL0034,12/31/19,37.877502,-122.281264,36.6,"BERKELEY 1.1 NE, CA US",0,",,N",0,",,N",,,,,,,,,,
US1CAAL0034,1/1/20,37.877502,-122.281264,36.6,"BERKELEY 1.1 NE, CA US",0,",,N",0,",,N",,,,,,,,,,
US1CAAL0034,1/2/20,37.877502,-122.281264,36.6,"BERKELEY 1.1 NE, CA US",0,",,N",0,",,N",,,,,,,,,,
US1CAAL0034,1/3/20,37.877502,-122.281264,36.6,"BERKELEY 1.1 NE, CA US",0,",,N",0,",,N",,,,,,,,,,
US1CAAL0034,1/4/20,37.877502,-122.281264,36.6,"BERKELEY 1.1 NE, CA US",3,",,N",,,,,,,,,,,,
US1CAAL0034,1/5/20,37.877502,-122.281264,36.6,"BERKELEY 1.1 NE, CA US",0,",,N",0,",,N",,,,,,,,,,
US1CAAL0034,1/6/20,37.877502,-122.281264,36.6,"BERKELEY 1.1 NE, CA US",0,",,N",0,",,N",,,,,,,,,,
US1CAAL0034,1/7/20,37.877502,-122.281264,36.6,"BERKELEY 1.1 NE, CA US",0,",,N",0,",,N",,,,,,,,,,
US1CAAL0034,1/8/20,37.877502,-122.281264,36.6,"BERKELEY 1.1 NE, CA US",8,",,N",,,,,,,,,,,,
US1CAAL0034,1/9/20,37.877502,-122.281264,36.6,"BERKELEY 1.1 NE, CA US",61,",,N",,,,,,,,,,,,
US1CAAL0034,1/10/20,37.877502,-122.281264,36.6,"BERKELEY 1.1 NE, CA US",15,",,N",,,,,,,,,,,,
US1CAAL0034,1/11/20,37.877502,-122.281264,36.6,"BERKELEY 1.1 NE, CA US",18,",,N",,,,,,,,,,,,
US1CAAL0034,1/13/20,37.877502,-122.281264,36.6,"BERKELEY 1.1 NE, CA US",5,",,N",,,,,,,,,,,,
US1CAAL0034,1/14/20,37.877502,-122.281264,36.6,"BERKELEY 1.1 NE, CA US",38,",,N",,,,,,,,,,,,
US1CAAL0034,1/15/20,37.877502,-122.281264,36.6,"BERKELEY 1.1 NE, CA US",0,",,N",0,",,N",,,,,,,,,,
US1CAAL0034,1/16/20,37.877502,-122.281264,36.6,"BERKELEY 1.1 NE, CA US",8,",,N",,,,,,,,,,,,
US1CAAL0034,1/17/20,37.877502,-122.281264,36.6,"BERKELEY 1.1 NE, CA US",284,",,N",,,,,,,,,,,,
US1CAAL0034,1/18/20,37.877502,-122.281264,36.6,"BERKELEY 1.1 NE, CA US",0,",,N",0,",,N",,,,,,,,,,
US1CAAL0034,1/19/20,37.877502,-122.281264,36.6,"BERKELEY 1.1 NE, CA US",0,",,N",0,",,N",,,,,,,,,,
US1CAAL0034,1/20/20,37.877502,-122.281264,36.6,"BERKELEY 1.1 NE, CA US",0,",,N",0,",,N",,,,,,,,,,
US1CAAL0034,1/21/20,37.877502,-122.281264,36.6,"BERKELEY 1.1 NE, CA US",0,"T,,N",,,,,,,,,,,,
US1CAAL0034,1/22/20,37.877502,-122.281264,36.6,"BERKELEY 1.1 NE, CA US",91,",,N",,,,,,,,,,,,
US1CAAL0034,1/23/20,37.877502,-122.281264,36.6,"BERKELEY 1.1 NE, CA US",0,",,N",0,",,N",,,,,,,,,,
US1CAAL0034,1/24/20,37.877502,-122.281264,36.6,"BERKELEY 1.1 NE, CA US",0,",,N",0,",,N",,,,,,,,,,
US1CAAL0034,1/25/20,37.877502,-122.281264,36.6,"BERKELEY 1.1 NE, CA US",0,"T,,N",,,,,,,,,,,,
US1CAAL0034,1/26/20,37.877502,-122.281264,36.6,"BERKELEY 1.1 NE, CA US",66,",,N",,,,,,,,,,,,
US1CAAL0034,1/27/20,37.877502,-122.281264,36.6,"BERKELEY 1.1 NE, CA US",0,",,N",0,",,N",,,,,,,,,,
US1CAAL0034,1/28/20,37.877502,-122.281264,36.6,"BERKELEY 1.1 NE, CA US",0,",,N",0,",,N",,,,,,,,,,
US1CAAL0034,1/29/20,37.877502,-122.281264,36.6,"BERKELEY 1.1 NE, CA US",5,",,N",,,,,,,,,,,,
US1CAAL0034,1/30/20,37.877502,-122.281264,36.6,"BERKELEY 1.1 NE, CA US",0,",,N",0,",,N",,,,,,,,,,
US1CAAL0034,1/31/20,37.877502,-122.281264,36.6,"BERKELEY 1.1 NE, CA US",0,",,N",0,",,N",,,,,,,,,,
US1CAAL0034,2/1/20,37.877502,-122.281264,36.6,"BERKELEY 1.1 NE, CA US",0,",,N",0,",,N",,,,,,,,,,
US1CAAL0034,2/2/20,37.877502,-122.281264,36.6,"BERKELEY 1.1 NE, CA US",0,",,N",0,",,N",,,,,,,,,,
US1CAAL0034,2/3/20,37.877502,-122.281264,36.6,"BERKELEY 1.1 NE, CA US",0,",,N",0,",,N",,,,,,,,,,
US1CAAL0034,2/4/20,37.877502,-122.281264,36.6,"BERKELEY 1.1 NE, CA US",0,",,N",0,",,N",,,,,,,,,,
US1CAAL0034,2/5/20,37.877502,-122.281264,36.6,"BERKELEY 1.1 NE, CA US",0,",,N",0,",,N",,,,,,,,,,
US1CAAL0034,2/6/20,37.877502,-122.281264,36.6,"BERKELEY 1.1 NE, CA US",0,",,N",0,",,N",,,,,,,,,,
US1CAAL0034,2/7/20,37.877502,-122.281264,36.6,"BERKELEY 1.1 NE, CA US",0,",,N",0,",,N",,,,,,,,,,
US1CAAL0034,2/8/20,37.877502,-122.281264,36.6,"BERKELEY 1.1 NE, CA US",0,",,N",0,",,N",,,,,,,,,,
US1CAAL0034,2/9/20,37.877502,-122.281264,36.6,"BERKELEY 1.1 NE, CA US",0,",,N",0,",,N",,,,,,,,,,
US1CAAL0034,2/10/20,37.877502,-122.281264,36.6,"BERKELEY 1.1 NE, CA US",0,",,N",0,",,N",,,,,,,,,,
US1CAAL0034,2/11/20,37.877502,-122.281264,36.6,"BERKELEY 1.1 NE, CA US",0,",,N",0,",,N",,,,,,,,,,
US1CAAL0034,2/12/20,37.877502,-122.281264,36.6,"BERKELEY 1.1 NE, CA US",0,",,N",0,",,N",,,,,,,,,,
US1CAAL0034,2/13/20,37.877502,-122.281264,36.6,"BERKELEY 1.1 NE, CA US",0,",,N",0,",,N",,,,,,,,,,
US1CAAL0034,2/14/20,37.877502,-122.281264,36.6,"BERKELEY 1.1 NE, CA US",0,",,N",0,",,N",,,,,,,,,,
US1CAAL0034,2/15/20,37.877502,-122.281264,36.6,"BERKELEY 1.1 NE, CA US",0,",,N",0,",,N",,,,,,,,,,
US1CAAL0034,2/16/20,37.877502,-122.281264,36.6,"BERKELEY 1.1 NE, CA US",0,",,N",0,",,N",,,,,,,,,,
US1CAAL0034,2/17/20,37.877502,-122.281264,36.6,"BERKELEY 1.1 NE, CA US",0,",,N",0,",,N",,,,,,,,,,
US1CAAL0034,2/18/20,37.877502,-122.281264,36.6,"BERKELEY 1.1 NE, CA US",0,",,N",0,",,N",,,,,,,,,,
US1CAAL0034,2/19/20,37.877502,-122.281264,36.6,"BERKELEY 1.1 NE, CA US",0,",,N",0,",,N",,,,,,,,,,
US1CAAL0034,2/20/20,37.877502,-122.281264,36.6,"BERKELEY 1.1 NE, CA US",0,",,N",0,",,N",,,,,,,,,,
US1CAAL0034,2/21/20,37.877502,-122.281264,36.6,"BERKELEY 1.1 NE, CA US",0,",,N",0,",,N",,,,,,,,,,
US1CAAL0034,2/22/20,37.877502,-122.281264,36.6,"BERKELEY 1.1 NE, CA US",0,",,N",0,",,N",,,,,,,,,,
US1CAAL0034,2/23/20,37.877502,-122.281264,36.6,"BERKELEY 1.1 NE, CA US",0,",,N",0,",,N",,,,,,,,,,
US1CAAL0034,2/24/20,37.877502,-122.281264,36.6,"BERKELEY 1.1 NE, CA US",0,",,N",0,",,N",,,,,,,,,,
US1CAAL0034,2/25/20,37.877502,-122.281264,36.6,"BERKELEY 1.1 NE, CA US",0,",,N",0,",,N",,,,,,,,,,
US1CAAL0034,2/26/20,37.877502,-122.281264,36.6,"BERKELEY 1.1 NE, CA US",0,",,N",0,",,N",,,,,,,,,,
US1CAAL0034,2/27/20,37.877502,-122.281264,36.6,"BERKELEY 1.1 NE, CA US",0,",,N",0,",,N",,,,,,,,,,
US1CAAL0034,2/28/20,37.877502,-122.281264,36.6,"BERKELEY 1.1 NE, CA US",0,",,N",0,",,N",,,,,,,,,,
US1CAAL0034,2/29/20,37.877502,-122.281264,36.6,"BERKELEY 1.1 NE, CA US",0,",,N",0,",,N",,,,,,,,,,
US1CAAL0034,3/1/20,37.877502,-122.281264,36.6,"BERKELEY 1.1 NE, CA US",0,",,N",0,",,N",,,,,,,,,,
US1CAAL0034,3/2/20,37.877502,-122.281264,36.6,"BERKELEY 1.1 NE, CA US",0,",,N",0,",,N",,,,,,,,,,
US1CAAL0034,3/3/20,37.877502,-122.281264,36.6,"BERKELEY 1.1 NE, CA US",0,",,N",0,",,N",,,,,,,,,,
US1CAAL0034,3/4/20,37.877502,-122.281264,36.6,"BERKELEY 1.1 NE, CA US",0,",,N",0,",,N",,,,,,,,,,
US1CAAL0034,3/5/20,37.877502,-122.281264,36.6,"BERKELEY 1.1 NE, CA US",0,",,N",0,",,N",,,,,,,,,,
US1CAAL0034,3/6/20,37.877502,-122.281264,36.6,"BERKELEY 1.1 NE, CA US",0,",,N",0,",,N",,,,,,,,,,
US1CAAL0034,3/7/20,37.877502,-122.281264,36.6,"BERKELEY 1.1 NE, CA US",5,",,N",0,",,N",,,,,,,,,,
US1CAAL0034,3/8/20,37.877502,-122.281264,36.6,"BERKELEY 1.1 NE, CA US",74,",,N",0,",,N",,,,,,,,,,
US1CAAL0034,3/9/20,37.877502,-122.281264,36.6,"BERKELEY 1.1 NE, CA US",0,",,N",0,",,N",,,,,,,,,,
US1CAAL0034,3/10/20,37.877502,-122.281264,36.6,"BERKELEY 1.1 NE, CA US",0,",,N",0,",,N",,,,,,,,,,
US1CAAL0034,3/11/20,37.877502,-122.281264,36.6,"BERKELEY 1.1 NE, CA US",0,",,N",0,",,N",,,,,,,,,,
US1CAAL0034,3/12/20,37.877502,-122.281264,36.6,"BERKELEY 1.1 NE, CA US",0,",,N",0,",,N",,,,,,,,,,
US1CAAL0034,3/13/20,37.877502,-122.281264,36.6,"BERKELEY 1.1 NE, CA US",0,",,N",0,",,N",,,,,,,,,,
US1CAAL0034,3/14/20,37.877502,-122.281264,36.6,"BERKELEY 1.1 NE, CA US",51,",,N",,,,,,,,,,,,
US1CAAL0034,3/15/20,37.877502,-122.281264,36.6,"BERKELEY 1.1 NE, CA US",150,",,N",,,,,,,,,,,,
US1CAAL0034,3/16/20,37.877502,-122.281264,36.6,"BERKELEY 1.1 NE, CA US",89,",,N",,,,,,,,,,,,
US1CAAL0034,3/17/20,37.877502,-122.281264,36.6,"BERKELEY 1.1 NE, CA US",5,",,N",,,,,,,,,,,,
US1CAAL0034,3/18/20,37.877502,-122.281264,36.6,"BERKELEY 1.1 NE, CA US",3,",,N",,,,,,,,,,,,
US1CAAL0034,3/19/20,37.877502,-122.281264,36.6,"BERKELEY 1.1 NE, CA US",10,",,N",0,",,N",,,,,,,,,,
US1CAAL0034,3/20/20,37.877502,-122.281264,36.6,"BERKELEY 1.1 NE, CA US",0,",,N",0,",,N",,,,,,,,,,
US1CAAL0034,3/21/20,37.877502,-122.281264,36.6,"BERKELEY 1.1 NE, CA US",0,",,N",0,",,N",,,,,,,,,,
US1CAAL0034,3/22/20,37.877502,-122.281264,36.6,"BERKELEY 1.1 NE, CA US",0,",,N",0,",,N",,,,,,,,,,
US1CAAL0034,3/23/20,37.877502,-122.281264,36.6,"BERKELEY 1.1 NE, CA US",0,",,N",0,",,N",,,,,,,,,,
US1CAAL0034,3/24/20,37.877502,-122.281264,36.6,"BERKELEY 1.1 NE, CA US",0,",,N",0,",,N",,,,,,,,,,
US1CAAL0034,3/25/20,37.877502,-122.281264,36.6,"BERKELEY 1.1 NE, CA US",38,",,N",,,,,,,,,,,,
US1CAAL0034,3/26/20,37.877502,-122.281264,36.6,"BERKELEY 1.1 NE, CA US",0,"T,,N",,,,,,,,,,,,
US1CAAL0034,3/27/20,37.877502,-122.281264,36.6,"BERKELEY 1.1 NE, CA US",0,",,N",0,",,N",,,,,,,,,,
US1CAAL0034,3/28/20,37.877502,-122.281264,36.6,"BERKELEY 1.1 NE, CA US",10,",,N",,,,,,,,,,,,
US1CAAL0034,3/29/20,37.877502,-122.281264,36.6,"BERKELEY 1.1 NE, CA US",15,",,N",,,,,,,,,,,,
US1CAAL0034,3/30/20,37.877502,-122.281264,36.6,"BERKELEY 1.1 NE, CA US",5,",,N",,,,,,,,,,,,
US1CAAL0034,3/31/20,37.877502,-122.281264,36.6,"BERKELEY 1.1 NE, CA US",0,",,N",0,",,N",,,,,,,,,,
US1CAAL0034,4/1/20,37.877502,-122.281264,36.6,"BERKELEY 1.1 NE, CA US",0,",,N",0,",,N",,,,,,,,,,
US1CAAL0034,4/2/20,37.877502,-122.281264,36.6,"BERKELEY 1.1 NE, CA US",0,",,N",0,",,N",,,,,,,,,,
US1CAAL0034,4/3/20,37.877502,-122.281264,36.6,"BERKELEY 1.1 NE, CA US",0,",,N",0,",,N",,,,,,,,,,
US1CAAL0034,4/4/20,37.877502,-122.281264,36.6,"BERKELEY 1.1 NE, CA US",0,",,N",0,",,N",,,,,,,,,,
US1CAAL0034,4/5/20,37.877502,-122.281264,36.6,"BERKELEY 1.1 NE, CA US",160,",,N",,,,,,,,,,,,
US1CAAL0034,4/6/20,37.877502,-122.281264,36.6,"BERKELEY 1.1 NE, CA US",99,",,N",,,,,,,,,,,,
US1CAAL0034,4/7/20,37.877502,-122.281264,36.6,"BERKELEY 1.1 NE, CA US",84,",,N",,,,,,,,,,,,
US1CAAL0034,5/12/20,37.877502,-122.281264,36.6,"BERKELEY 1.1 NE, CA US",30,",,N",,,,,,,,,,,,
US1CAAL0034,5/13/20,37.877502,-122.281264,36.6,"BERKELEY 1.1 NE, CA US",0,",,N",0,",,N",,,,,,,,,,
US1CAAL0034,5/14/20,37.877502,-122.281264,36.6,"BERKELEY 1.1 NE, CA US",8,",,N",,,,,,,,,,,,
US1CAAL0034,5/15/20,37.877502,-122.281264,36.6,"BERKELEY 1.1 NE, CA US",3,",,N",,,,,,,,,,,,
US1CAAL0034,5/16/20,37.877502,-122.281264,36.6,"BERKELEY 1.1 NE, CA US",0,",,N",0,",,N",,,,,,,,,,
US1CAAL0034,5/17/20,37.877502,-122.281264,36.6,"BERKELEY 1.1 NE, CA US",53,",,N",,,,,,,,,,,,
US1CAAL0034,5/18/20,37.877502,-122.281264,36.6,"BERKELEY 1.1 NE, CA US",124,",,N",,,,,,,,,,,,
US1CAAL0034,5/19/20,37.877502,-122.281264,36.6,"BERKELEY 1.1 NE, CA US",3,",,N",0,",,N",,,,,,,,,,
US1CAAL0034,5/20/20,37.877502,-122.281264,36.6,"BERKELEY 1.1 NE, CA US",0,",,N",0,",,N",,,,,,,,,,
US1CAAL0034,5/21/20,37.877502,-122.281264,36.6,"BERKELEY 1.1 NE, CA US",0,",,N",0,",,N",,,,,,,,,,
US1CAAL0034,5/22/20,37.877502,-122.281264,36.6,"BERKELEY 1.1 NE, CA US",0,",,N",0,",,N",,,,,,,,,,
US1CAAL0034,5/30/20,37.877502,-122.281264,36.6,"BERKELEY 1.1 NE, CA US",3,",,N",,,,,,,,,,,,
US1CAAL0034,6/30/20,37.877502,-122.281264,36.6,"BERKELEY 1.1 NE, CA US",,,,,,,30,",,N",0,",,N",,,,
US1CAAL0034,7/31/20,37.877502,-122.281264,36.6,"BERKELEY 1.1 NE, CA US",,,,,,,31,",,N",0,",,N",,,,
US1CAAL0034,8/17/20,37.877502,-122.281264,36.6,"BERKELEY 1.1 NE, CA US",3,",,N",,,,,,,,,,,,
US1CAAL0034,8/28/20,37.877502,-122.281264,36.6,"BERKELEY 1.1 NE, CA US",0,",,N",0,",,N",,,,,,,,,,
US1CAAL0034,8/29/20,37.877502,-122.281264,36.6,"BERKELEY 1.1 NE, CA US",0,",,N",0,",,N",,,,,,,,,,
US1CAAL0034,8/30/20,37.877502,-122.281264,36.6,"BERKELEY 1.1 NE, CA US",0,",,N",0,",,N",,,,,,,,,,
US1CAAL0034,8/31/20,37.877502,-122.281264,36.6,"BERKELEY 1.1 NE, CA US",0,",,N",0,",,N",,,,,,,,,,
US1CAAL0034,9/1/20,37.877502,-122.281264,36.6,"BERKELEY 1.1 NE, CA US",0,",L,N",0,",,N",,,,,,,,,,
US1CAAL0034,9/2/20,37.877502,-122.281264,36.6,"BERKELEY 1.1 NE, CA US",0,",L,N",0,",,N",,,,,,,,,,
US1CAAL0034,9/3/20,37.877502,-122.281264,36.6,"BERKELEY 1.1 NE, CA US",0,",L,N",0,",,N",,,,,,,,,,
US1CAAL0034,9/4/20,37.877502,-122.281264,36.6,"BERKELEY 1.1 NE, CA US",0,",L,N",0,",,N",,,,,,,,,,
US1CAAL0034,9/5/20,37.877502,-122.281264,36.6,"BERKELEY 1.1 NE, CA US",0,",L,N",0,",,N",,,,,,,,,,
US1CAAL0034,9/6/20,37.877502,-122.281264,36.6,"BERKELEY 1.1 NE, CA US",0,",L,N",0,",,N",,,,,,,,,,
US1CAAL0034,9/7/20,37.877502,-122.281264,36.6,"BERKELEY 1.1 NE, CA US",0,",L,N",0,",,N",,,,,,,,,,
US1CAAL0034,9/8/20,37.877502,-122.281264,36.6,"BERKELEY 1.1 NE, CA US",0,",L,N",0,",,N",,,,,,,,,,
US1CAAL0034,9/9/20,37.877502,-122.281264,36.6,"BERKELEY 1.1 NE, CA US",0,",L,N",0,",,N",,,,,,,,,,
US1CAAL0034,9/10/20,37.877502,-122.281264,36.6,"BERKELEY 1.1 NE, CA US",0,",L,N",0,",,N",,,,,,,,,,
US1CAAL0034,9/11/20,37.877502,-122.281264,36.6,"BERKELEY 1.1 NE, CA US",0,",L,N",0,",,N",,,,,,,,,,
US1CAAL0034,9/12/20,37.877502,-122.281264,36.6,"BERKELEY 1.1 NE, CA US",0,",L,N",0,",,N",,,,,,,,,,
US1CAAL0034,9/13/20,37.877502,-122.281264,36.6,"BERKELEY 1.1 NE, CA US",0,",L,N",0,",,N",,,,,,,,,,
US1CAAL0034,9/14/20,37.877502,-122.281264,36.6,"BERKELEY 1.1 NE, CA US",0,",L,N",0,",,N",,,,,,,,,,
US1CAAL0034,9/15/20,37.877502,-122.281264,36.6,"BERKELEY 1.1 NE, CA US",0,",L,N",0,",,N",,,,,,,,,,
US1CAAL0034,9/16/20,37.877502,-122.281264,36.6,"BERKELEY 1.1 NE, CA US",0,",L,N",0,",,N",,,,,,,,,,
US1CAAL0034,9/17/20,37.877502,-122.281264,36.6,"BERKELEY 1.1 NE, CA US",0,",L,N",0,",,N",,,,,,,,,,
US1CAAL0034,9/18/20,37.877502,-122.281264,36.6,"BERKELEY 1.1 NE, CA US",0,",L,N",0,",,N",,,,,,,,,,
US1CAAL0034,9/19/20,37.877502,-122.281264,36.6,"BERKELEY 1.1 NE, CA US",0,",L,N",0,",,N",,,,,,,,,,
US1CAAL0034,9/20/20,37.877502,-122.281264,36.6,"BERKELEY 1.1 NE, CA US",0,",L,N",0,",,N",,,,,,,,,,
US1CAAL0034,9/21/20,37.877502,-122.281264,36.6,"BERKELEY 1.1 NE, CA US",0,",L,N",0,",,N",,,,,,,,,,
US1CAAL0034,9/22/20,37.877502,-122.281264,36.6,"BERKELEY 1.1 NE, CA US",0,",L,N",0,",,N",,,,,,,,,,
US1CAAL0034,9/23/20,37.877502,-122.281264,36.6,"BERKELEY 1.1 NE, CA US",0,",L,N",0,",,N",,,,,,,,,,
US1CAAL0034,9/24/20,37.877502,-122.281264,36.6,"BERKELEY 1.1 NE, CA US",0,",L,N",0,",,N",,,,,,,,,,
US1CAAL0034,9/25/20,37.877502,-122.281264,36.6,"BERKELEY 1.1 NE, CA US",0,",L,N",0,",,N",,,,,,,,,,
US1CAAL0034,9/26/20,37.877502,-122.281264,36.6,"BERKELEY 1.1 NE, CA US",0,",L,N",0,",,N",,,,,,,,,,
US1CAAL0034,9/27/20,37.877502,-122.281264,36.6,"BERKELEY 1.1 NE, CA US",0,",L,N",0,",,N",,,,,,,,,,
US1CAAL0034,9/28/20,37.877502,-122.281264,36.6,"BERKELEY 1.1 NE, CA US",0,",L,N",0,",,N",,,,,,,,,,
US1CAAL0034,9/29/20,37.877502,-122.281264,36.6,"BERKELEY 1.1 NE, CA US",0,",L,N",0,",,N",,,,,,,,,,
US1CAAL0034,9/30/20,37.877502,-122.281264,36.6,"BERKELEY 1.1 NE, CA US",0,",L,N",0,",,N",,,30,",L,N",0,",L,N",,,,
US1CAAL0034,10/1/20,37.877502,-122.281264,36.6,"BERKELEY 1.1 NE, CA US",0,",,N",0,",,N",,,,,,,,,,
US1CAAL0034,10/2/20,37.877502,-122.281264,36.6,"BERKELEY 1.1 NE, CA US",0,",,N",0,",,N",,,,,,,,,,
US1CAAL0034,10/3/20,37.877502,-122.281264,36.6,"BERKELEY 1.1 NE, CA US",0,",,N",0,",,N",,,,,,,,,,
US1CAAL0034,10/4/20,37.877502,-122.281264,36.6,"BERKELEY 1.1 NE, CA US",0,",,N",0,",,N",,,,,,,,,,
US1CAAL0034,10/5/20,37.877502,-122.281264,36.6,"BERKELEY 1.1 NE, CA US",0,",,N",0,",,N",,,,,,,,,,
US1CAAL0034,10/6/20,37.877502,-122.281264,36.6,"BERKELEY 1.1 NE, CA US",0,",,N",0,",,N",,,,,,,,,,
US1CAAL0034,10/7/20,37.877502,-122.281264,36.6,"BERKELEY 1.1 NE, CA US",0,",,N",0,",,N",,,,,,,,,,
US1CAAL0034,10/8/20,37.877502,-122.281264,36.6,"BERKELEY 1.1 NE, CA US",0,",,N",0,",,N",,,,,,,,,,
US1CAAL0034,10/9/20,37.877502,-122.281264,36.6,"BERKELEY 1.1 NE, CA US",5,",,N",,,,,,,,,,,,
US1CAAL0034,10/10/20,37.877502,-122.281264,36.6,"BERKELEY 1.1 NE, CA US",0,",,N",0,",,N",,,,,,,,,,
US1CAAL0034,10/11/20,37.877502,-122.281264,36.6,"BERKELEY 1.1 NE, CA US",0,"T,,N",,,,,,,,,,,,
US1CAAL0034,10/12/20,37.877502,-122.281264,36.6,"BERKELEY 1.1 NE, CA US",0,",,N",0,",,N",,,,,,,,,,
US1CAAL0034,10/13/20,37.877502,-122.281264,36.6,"BERKELEY 1.1 NE, CA US",0,",,N",0,",,N",,,,,,,,,,
US1CAAL0034,10/14/20,37.877502,-122.281264,36.6,"BERKELEY 1.1 NE, CA US",0,",,N",0,",,N",,,,,,,,,,
US1CAAL0034,10/15/20,37.877502,-122.281264,36.6,"BERKELEY 1.1 NE, CA US",0,",,N",0,",,N",,,,,,,,,,
US1CAAL0034,10/16/20,37.877502,-122.281264,36.6,"BERKELEY 1.1 NE, CA US",0,",,N",0,",,N",,,,,,,,,,
US1CAAL0034,10/17/20,37.877502,-122.281264,36.6,"BERKELEY 1.1 NE, CA US",0,",,N",0,",,N",,,,,,,,,,
US1CAAL0034,10/18/20,37.877502,-122.281264,36.6,"BERKELEY 1.1 NE, CA US",0,",,N",0,",,N",,,,,,,,,,
US1CAAL0034,10/19/20,37.877502,-122.281264,36.6,"BERKELEY 1.1 NE, CA US",0,",,N",0,",,N",,,,,,,,,,
US1CAAL0034,10/20/20,37.877502,-122.281264,36.6,"BERKELEY 1.1 NE, CA US",0,",,N",0,",,N",,,,,,,,,,
US1CAAL0034,10/21/20,37.877502,-122.281264,36.6,"BERKELEY 1.1 NE, CA US",0,",,N",0,",,N",,,,,,,,,,
US1CAAL0034,10/22/20,37.877502,-122.281264,36.6,"BERKELEY 1.1 NE, CA US",0,",,N",0,",,N",,,,,,,,,,
US1CAAL0034,10/23/20,37.877502,-122.281264,36.6,"BERKELEY 1.1 NE, CA US",0,",,N",0,",,N",,,,,,,,,,
US1CAAL0034,10/24/20,37.877502,-122.281264,36.6,"BERKELEY 1.1 NE, CA US",0,",,N",0,",,N",,,,,,,,,,
US1CAAL0034,10/25/20,37.877502,-122.281264,36.6,"BERKELEY 1.1 NE, CA US",0,",,N",0,",,N",,,,,,,,,,
US1CAAL0034,10/26/20,37.877502,-122.281264,36.6,"BERKELEY 1.1 NE, CA US",0,",,N",0,",,N",,,,,,,,,,
US1CAAL0034,10/27/20,37.877502,-122.281264,36.6,"BERKELEY 1.1 NE, CA US",0,",,N",0,",,N",,,,,,,,,,
US1CAAL0034,10/28/20,37.877502,-122.281264,36.6,"BERKELEY 1.1 NE, CA US",0,",,N",0,",,N",,,,,,,,,,
US1CAAL0034,10/29/20,37.877502,-122.281264,36.6,"BERKELEY 1.1 NE, CA US",0,",,N",0,",,N",,,,,,,,,,
US1CAAL0034,10/30/20,37.877502,-122.281264,36.6,"BERKELEY 1.1 NE, CA US",0,",,N",0,",,N",,,,,,,,,,
US1CAAL0034,10/31/20,37.877502,-122.281264,36.6,"BERKELEY 1.1 NE, CA US",0,",,N",0,",,N",,,,,,,,,,
US1CAAL0034,11/1/20,37.877502,-122.281264,36.6,"BERKELEY 1.1 NE, CA US",0,",,N",0,",,N",,,,,,,,,,
US1CAAL0034,11/2/20,37.877502,-122.281264,36.6,"BERKELEY 1.1 NE, CA US",0,",,N",0,",,N",,,,,,,,,,
US1CAAL0034,11/3/20,37.877502,-122.281264,36.6,"BERKELEY 1.1 NE, CA US",0,",,N",0,",,N",,,,,,,,,,
US1CAAL0034,11/4/20,37.877502,-122.281264,36.6,"BERKELEY 1.1 NE, CA US",0,",,N",0,",,N",,,,,,,,,,
US1CAAL0034,11/5/20,37.877502,-122.281264,36.6,"BERKELEY 1.1 NE, CA US",0,",,N",0,",,N",,,,,,,,,,
US1CAAL0034,11/6/20,37.877502,-122.281264,36.6,"BERKELEY 1.1 NE, CA US",0,",,N",0,",,N",,,,,,,,,,
US1CAAL0034,11/7/20,37.877502,-122.281264,36.6,"BERKELEY 1.1 NE, CA US",0,",,N",0,",,N",,,,,,,,,,
US1CAAL0034,11/8/20,37.877502,-122.281264,36.6,"BERKELEY 1.1 NE, CA US",0,",,N",0,",,N",,,,,,,,,,
US1CAAL0034,11/9/20,37.877502,-122.281264,36.6,"BERKELEY 1.1 NE, CA US",5,",,N",,,,,,,,,,,,
US1CAAL0034,11/10/20,37.877502,-122.281264,36.6,"BERKELEY 1.1 NE, CA US",0,",,N",0,",,N",,,,,,,,,,
US1CAAL0034,11/11/20,37.877502,-122.281264,36.6,"BERKELEY 1.1 NE, CA US",0,",,N",0,",,N",,,,,,,,,,
US1CAAL0034,11/12/20,37.877502,-122.281264,36.6,"BERKELEY 1.1 NE, CA US",0,",,N",0,",,N",,,,,,,,,,
US1CAAL0034,11/13/20,37.877502,-122.281264,36.6,"BERKELEY 1.1 NE, CA US",0,",,N",0,",,N",,,,,,,,,,
US1CAAL0034,11/14/20,37.877502,-122.281264,36.6,"BERKELEY 1.1 NE, CA US",5,",,N",,,,,,,,,,,,
US1CAAL0034,11/15/20,37.877502,-122.281264,36.6,"BERKELEY 1.1 NE, CA US",0,",,N",0,",,N",,,,,,,,,,
US1CAAL0034,11/16/20,37.877502,-122.281264,36.6,"BERKELEY 1.1 NE, CA US",0,",,N",0,",,N",,,,,,,,,,
US1CAAL0034,11/17/20,37.877502,-122.281264,36.6,"BERKELEY 1.1 NE, CA US",0,",,N",0,",,N",,,,,,,,,,
US1CAAL0034,11/18/20,37.877502,-122.281264,36.6,"BERKELEY 1.1 NE, CA US",107,",,N",,,,,,,,,,,,
US1CAAL0034,11/19/20,37.877502,-122.281264,36.6,"BERKELEY 1.1 NE, CA US",0,",,N",0,",,N",,,,,,,,,,
US1CAAL0034,11/20/20,37.877502,-122.281264,36.6,"BERKELEY 1.1 NE, CA US",0,",,N",0,",,N",,,,,,,,,,
US1CAAL0034,11/21/20,37.877502,-122.281264,36.6,"BERKELEY 1.1 NE, CA US",0,",,N",0,",,N",,,,,,,,,,
US1CAAL0034,11/22/20,37.877502,-122.281264,36.6,"BERKELEY 1.1 NE, CA US",0,",,N",0,",,N",,,,,,,,,,
US1CAAL0034,11/23/20,37.877502,-122.281264,36.6,"BERKELEY 1.1 NE, CA US",0,",,N",0,",,N",,,,,,,,,,
US1CAAL0034,11/24/20,37.877502,-122.281264,36.6,"BERKELEY 1.1 NE, CA US",0,",,N",0,",,N",,,,,,,,,,
US1CAAL0034,11/25/20,37.877502,-122.281264,36.6,"BERKELEY 1.1 NE, CA US",0,",,N",0,",,N",,,,,,,,,,
US1CAAL0034,11/26/20,37.877502,-122.281264,36.6,"BERKELEY 1.1 NE, CA US",0,",,N",0,",,N",,,,,,,,,,
US1CAAL0034,11/27/20,37.877502,-122.281264,36.6,"BERKELEY 1.1 NE, CA US",0,",,N",0,",,N",,,,,,,,,,
US1CAAL0034,11/28/20,37.877502,-122.281264,36.6,"BERKELEY 1.1 NE, CA US",0,",,N",0,",,N",,,,,,,,,,
US1CAAL0034,11/29/20,37.877502,-122.281264,36.6,"BERKELEY 1.1 NE, CA US",0,",,N",0,",,N",,,,,,,,,,
US1CAAL0034,11/30/20,37.877502,-122.281264,36.6,"BERKELEY 1.1 NE, CA US",0,",,N",0,",,N",,,,,,,,,,
US1CAAL0034,12/1/20,37.877502,-122.281264,36.6,"BERKELEY 1.1 NE, CA US",0,",,N",0,",,N",,,,,,,,,,
US1CAAL0034,12/2/20,37.877502,-122.281264,36.6,"BERKELEY 1.1 NE, CA US",0,",,N",0,",,N",,,,,,,,,,
US1CAAL0034,12/3/20,37.877502,-122.281264,36.6,"BERKELEY 1.1 NE, CA US",0,",,N",0,",,N",,,,,,,,,,
US1CAAL0034,12/4/20,37.877502,-122.281264,36.6,"BERKELEY 1.1 NE, CA US",0,",,N",0,",,N",,,,,,,,,,
US1CAAL0034,12/5/20,37.877502,-122.281264,36.6,"BERKELEY 1.1 NE, CA US",0,",,N",0,",,N",,,,,,,,,,
US1CAAL0034,12/6/20,37.877502,-122.281264,36.6,"BERKELEY 1.1 NE, CA US",0,",,N",0,",,N",,,,,,,,,,
US1CAAL0034,12/7/20,37.877502,-122.281264,36.6,"BERKELEY 1.1 NE, CA US",0,",,N",0,",,N",,,,,,,,,,
US1CAAL0034,12/8/20,37.877502,-122.281264,36.6,"BERKELEY 1.1 NE, CA US",0,",,N",0,",,N",,,,,,,,,,
US1CAAL0034,12/9/20,37.877502,-122.281264,36.6,"BERKELEY 1.1 NE, CA US",0,",,N",0,",,N",,,,,,,,,,
US1CAAL0034,12/10/20,37.877502,-122.281264,36.6,"BERKELEY 1.1 NE, CA US",0,",,N",0,",,N",,,,,,,,,,
US1CAAL0034,12/11/20,37.877502,-122.281264,36.6,"BERKELEY 1.1 NE, CA US",0,",,N",0,",,N",,,,,,,,,,
US1CAAL0034,12/12/20,37.877502,-122.281264,36.6,"BERKELEY 1.1 NE, CA US",58,",,N",,,,,,,,,,,,
US1CAAL0034,12/13/20,37.877502,-122.281264,36.6,"BERKELEY 1.1 NE, CA US",102,",,N",,,,,,,,,,,,
US1CAAL0034,12/14/20,37.877502,-122.281264,36.6,"BERKELEY 1.1 NE, CA US",51,",,N",,,,,,,,,,,,
US1CAAL0034,12/15/20,37.877502,-122.281264,36.6,"BERKELEY 1.1 NE, CA US",0,",,N",0,",,N",,,,,,,,,,
US1CAAL0034,12/16/20,37.877502,-122.281264,36.6,"BERKELEY 1.1 NE, CA US",0,",,N",0,",,N",,,,,,,,,,
US1CAAL0034,12/17/20,37.877502,-122.281264,36.6,"BERKELEY 1.1 NE, CA US",122,",,N",,,,,,,,,,,,
US1CAAL0034,12/18/20,37.877502,-122.281264,36.6,"BERKELEY 1.1 NE, CA US",0,",,N",0,",,N",,,,,,,,,,
US1CAAL0034,12/19/20,37.877502,-122.281264,36.6,"BERKELEY 1.1 NE, CA US",0,",,N",0,",,N",,,,,,,,,,
US1CAAL0034,12/20/20,37.877502,-122.281264,36.6,"BERKELEY 1.1 NE, CA US",0,",,N",0,",,N",,,,,,,,,,
US1CAAL0034,12/21/20,37.877502,-122.281264,36.6,"BERKELEY 1.1 NE, CA US",0,",,N",0,",,N",,,,,,,,,,
US1CAAL0034,12/22/20,37.877502,-122.281264,36.6,"BERKELEY 1.1 NE, CA US",0,",,N",0,",,N",,,,,,,,,,
US1CAAL0034,12/23/20,37.877502,-122.281264,36.6,"BERKELEY 1.1 NE, CA US",0,",,N",0,",,N",,,,,,,,,,
US1CAAL0034,12/24/20,37.877502,-122.281264,36.6,"BERKELEY 1.1 NE, CA US",0,",,N",0,",,N",,,,,,,,,,
US1CAAL0034,12/25/20,37.877502,-122.281264,36.6,"BERKELEY 1.1 NE, CA US",0,",,N",0,",,N",,,,,,,,,,
US1CAAL0034,12/26/20,37.877502,-122.281264,36.6,"BERKELEY 1.1 NE, CA US",81,",,N",,,,,,,,,,,,
US1CAAL0034,12/27/20,37.877502,-122.281264,36.6,"BERKELEY 1.1 NE, CA US",0,",,N",0,",,N",,,,,,,,,,
US1CAAL0034,12/28/20,37.877502,-122.281264,36.6,"BERKELEY 1.1 NE, CA US",15,",,N",,,,,,,,,,,,
US1CAAL0034,12/29/20,37.877502,-122.281264,36.6,"BERKELEY 1.1 NE, CA US",0,",,N",0,",,N",,,,,,,,,,
US1CAAL0034,12/30/20,37.877502,-122.281264,36.6,"BERKELEY 1.1 NE, CA US",0,",,N",0,",,N",,,,,,,,,,
US1CAAL0034,12/31/20,37.877502,-122.281264,36.6,"BERKELEY 1.1 NE, CA US",41,",,N",,,,,,,,,,,,
US1CAAL0034,1/1/21,37.877502,-122.281264,36.6,"BERKELEY 1.1 NE, CA US",0,",,N",0,",,N",,,,,,,,,,
US1CAAL0034,1/2/21,37.877502,-122.281264,36.6,"BERKELEY 1.1 NE, CA US",36,",,N",,,,,,,,,,,,
US1CAAL0034,1/3/21,37.877502,-122.281264,36.6,"BERKELEY 1.1 NE, CA US",8,",,N",,,,,,,,,,,,
US1CAAL0034,1/4/21,37.877502,-122.281264,36.6,"BERKELEY 1.1 NE, CA US",18,",,N",,,,,,,,,,,,
US1CAAL0034,1/5/21,37.877502,-122.281264,36.6,"BERKELEY 1.1 NE, CA US",53,",,N",,,,,,,,,,,,
US1CAAL0034,1/6/21,37.877502,-122.281264,36.6,"BERKELEY 1.1 NE, CA US",0,",,N",0,",,N",,,,,,,,,,
US1CAAL0034,1/7/21,37.877502,-122.281264,36.6,"BERKELEY 1.1 NE, CA US",10,",,N",,,,,,,,,,,,
US1CAAL0034,1/8/21,37.877502,-122.281264,36.6,"BERKELEY 1.1 NE, CA US",5,",,N",,,,,,,,,,,,
US1CAAL0034,1/9/21,37.877502,-122.281264,36.6,"BERKELEY 1.1 NE, CA US",0,",,N",0,",,N",,,,,,,,,,
US1CAAL0034,1/10/21,37.877502,-122.281264,36.6,"BERKELEY 1.1 NE, CA US",0,",,N",0,",,N",,,,,,,,,,
US1CAAL0034,1/11/21,37.877502,-122.281264,36.6,"BERKELEY 1.1 NE, CA US",0,",,N",0,",,N",,,,,,,,,,
US1CAAL0034,1/12/21,37.877502,-122.281264,36.6,"BERKELEY 1.1 NE, CA US",0,",,N",0,",,N",,,,,,,,,,
US1CAAL0034,1/13/21,37.877502,-122.281264,36.6,"BERKELEY 1.1 NE, CA US",0,",,N",0,",,N",,,,,,,,,,
US1CAAL0034,1/14/21,37.877502,-122.281264,36.6,"BERKELEY 1.1 NE, CA US",0,",,N",0,",,N",,,,,,,,,,
US1CAAL0034,1/15/21,37.877502,-122.281264,36.6,"BERKELEY 1.1 NE, CA US",0,",,N",0,",,N",,,,,,,,,,
US1CAAL0034,1/16/21,37.877502,-122.281264,36.6,"BERKELEY 1.1 NE, CA US",0,",,N",0,",,N",,,,,,,,,,
US1CAAL0034,1/17/21,37.877502,-122.281264,36.6,"BERKELEY 1.1 NE, CA US",0,",,N",0,",,N",,,,,,,,,,
US1CAAL0034,1/18/21,37.877502,-122.281264,36.6,"BERKELEY 1.1 NE, CA US",0,",,N",0,",,N",,,,,,,,,,
US1CAAL0034,1/19/21,37.877502,-122.281264,36.6,"BERKELEY 1.1 NE, CA US",0,",,N",0,",,N",,,,,,,,,,
US1CAAL0034,1/20/21,37.877502,-122.281264,36.6,"BERKELEY 1.1 NE, CA US",0,",,N",0,",,N",,,,,,,,,,
US1CAAL0034,1/21/21,37.877502,-122.281264,36.6,"BERKELEY 1.1 NE, CA US",0,",,N",0,",,N",,,,,,,,,,
US1CAAL0034,1/22/21,37.877502,-122.281264,36.6,"BERKELEY 1.1 NE, CA US",20,",,N",,,,,,,,,,,,
US1CAAL0034,1/23/21,37.877502,-122.281264,36.6,"BERKELEY 1.1 NE, CA US",36,",,N",,,,,,,,,,,,
US1CAAL0034,1/24/21,37.877502,-122.281264,36.6,"BERKELEY 1.1 NE, CA US",0,",,N",0,",,N",,,,,,,,,,
US1CAAL0034,1/25/21,37.877502,-122.281264,36.6,"BERKELEY 1.1 NE, CA US",41,",,N",,,,,,,,,,,,
US1CAAL0034,1/26/21,37.877502,-122.281264,36.6,"BERKELEY 1.1 NE, CA US",0,",,N",0,",,N",,,,,,,,,,
US1CAAL0034,1/27/21,37.877502,-122.281264,36.6,"BERKELEY 1.1 NE, CA US",284,",,N",,,,,,,,,,,,
US1CAAL0034,1/28/21,37.877502,-122.281264,36.6,"BERKELEY 1.1 NE, CA US",84,",,N",,,,,,,,,,,,
US1CAAL0034,1/29/21,37.877502,-122.281264,36.6,"BERKELEY 1.1 NE, CA US",102,",,N",,,,,,,,,,,,
US1CAAL0034,1/30/21,37.877502,-122.281264,36.6,"BERKELEY 1.1 NE, CA US",0,",,N",0,",,N",,,,,,,,,,
US1CAAL0034,1/31/21,37.877502,-122.281264,36.6,"BERKELEY 1.1 NE, CA US",0,"T,,N",,,,,,,,,,,,
US1CAAL0034,2/1/21,37.877502,-122.281264,36.6,"BERKELEY 1.1 NE, CA US",0,",,N",0,",,N",,,,,,,,,,
US1CAAL0034,2/2/21,37.877502,-122.281264,36.6,"BERKELEY 1.1 NE, CA US",183,",,N",,,,,,,,,,,,
US1CAAL0034,2/3/21,37.877502,-122.281264,36.6,"BERKELEY 1.1 NE, CA US",3,",,N",0,",,N",,,,,,,,,,
US1CAAL0034,2/4/21,37.877502,-122.281264,36.6,"BERKELEY 1.1 NE, CA US",0,",,N",0,",,N",,,,,,,,,,
US1CAAL0034,2/5/21,37.877502,-122.281264,36.6,"BERKELEY 1.1 NE, CA US",0,",,N",0,",,N",,,,,,,,,,
US1CAAL0034,2/6/21,37.877502,-122.281264,36.6,"BERKELEY 1.1 NE, CA US",0,",,N",0,",,N",,,,,,,,,,
US1CAAL0034,2/7/21,37.877502,-122.281264,36.6,"BERKELEY 1.1 NE, CA US",0,",,N",0,",,N",,,,,,,,,,
US1CAAL0034,2/8/21,37.877502,-122.281264,36.6,"BERKELEY 1.1 NE, CA US",0,",,N",0,",,N",,,,,,,,,,
US1CAAL0034,2/9/21,37.877502,-122.281264,36.6,"BERKELEY 1.1 NE, CA US",0,",,N",0,",,N",,,,,,,,,,
US1CAAL0034,2/10/21,37.877502,-122.281264,36.6,"BERKELEY 1.1 NE, CA US",0,",,N",0,",,N",,,,,,,,,,
US1CAAL0034,2/11/21,37.877502,-122.281264,36.6,"BERKELEY 1.1 NE, CA US",0,",,N",0,",,N",,,,,,,,,,
US1CAAL0034,2/12/21,37.877502,-122.281264,36.6,"BERKELEY 1.1 NE, CA US",94,",,N",,,,,,,,,,,,
US1CAAL0034,2/13/21,37.877502,-122.281264,36.6,"BERKELEY 1.1 NE, CA US",0,"T,,N",,,,,,,,,,,,
US1CAAL0034,2/14/21,37.877502,-122.281264,36.6,"BERKELEY 1.1 NE, CA US",0,"T,,N",0,",,N",,,,,,,,,,
US1CAAL0034,2/15/21,37.877502,-122.281264,36.6,"BERKELEY 1.1 NE, CA US",64,",,N",,,,,,,,,,,,
US1CAAL0034,2/16/21,37.877502,-122.281264,36.6,"BERKELEY 1.1 NE, CA US",13,",,N",0,",,N",,,,,,,,,,
US1CAAL0034,2/17/21,37.877502,-122.281264,36.6,"BERKELEY 1.1 NE, CA US",0,",,N",0,",,N",,,,,,,,,,
US1CAAL0034,2/18/21,37.877502,-122.281264,36.6,"BERKELEY 1.1 NE, CA US",0,",,N",0,",,N",,,,,,,,,,
US1CAAL0034,2/19/21,37.877502,-122.281264,36.6,"BERKELEY 1.1 NE, CA US",10,",,N",,,,,,,,,,,,
US1CAAL0034,2/20/21,37.877502,-122.281264,36.6,"BERKELEY 1.1 NE, CA US",20,",,N",,,,,,,,,,,,
US1CAAL0034,2/21/21,37.877502,-122.281264,36.6,"BERKELEY 1.1 NE, CA US",0,",,N",0,",,N",,,,,,,,,,
US1CAAL0034,2/22/21,37.877502,-122.281264,36.6,"BERKELEY 1.1 NE, CA US",0,",,N",0,",,N",,,,,,,,,,
US1CAAL0034,2/23/21,37.877502,-122.281264,36.6,"BERKELEY 1.1 NE, CA US",0,",,N",0,",,N",,,,,,,,,,
US1CAAL0034,2/24/21,37.877502,-122.281264,36.6,"BERKELEY 1.1 NE, CA US",0,",,N",0,",,N",,,,,,,,,,
US1CAAL0034,2/25/21,37.877502,-122.281264,36.6,"BERKELEY 1.1 NE, CA US",0,",,N",0,",,N",,,,,,,,,,
US1CAAL0034,2/26/21,37.877502,-122.281264,36.6,"BERKELEY 1.1 NE, CA US",0,",,N",0,",,N",,,,,,,,,,
US1CAAL0034,2/27/21,37.877502,-122.281264,36.6,"BERKELEY 1.1 NE, CA US",0,",,N",0,",,N",,,,,,,,,,
US1CAAL0034,2/28/21,37.877502,-122.281264,36.6,"BERKELEY 1.1 NE, CA US",0,",,N",0,",,N",,,,,,,,,,
US1CAAL0034,3/1/21,37.877502,-122.281264,36.6,"BERKELEY 1.1 NE, CA US",0,",,N",0,",,N",,,,,,,,,,
US1CAAL0034,3/2/21,37.877502,-122.281264,36.6,"BERKELEY 1.1 NE, CA US",0,",,N",0,",,N",,,,,,,,,,
US1CAAL0034,3/3/21,37.877502,-122.281264,36.6,"BERKELEY 1.1 NE, CA US",0,",,N",0,",,N",,,,,,,,,,
US1CAAL0034,3/4/21,37.877502,-122.281264,36.6,"BERKELEY 1.1 NE, CA US",0,",,N",0,",,N",,,,,,,,,,
US1CAAL0034,3/5/21,37.877502,-122.281264,36.6,"BERKELEY 1.1 NE, CA US",0,",,N",0,",,N",,,,,,,,,,
US1CAAL0034,3/6/21,37.877502,-122.281264,36.6,"BERKELEY 1.1 NE, CA US",58,",,N",,,,,,,,,,,,
US1CAAL0034,3/7/21,37.877502,-122.281264,36.6,"BERKELEY 1.1 NE, CA US",0,",,N",0,",,N",,,,,,,,,,
US1CAAL0034,3/8/21,37.877502,-122.281264,36.6,"BERKELEY 1.1 NE, CA US",0,",,N",0,",,N",,,,,,,,,,
US1CAAL0034,3/9/21,37.877502,-122.281264,36.6,"BERKELEY 1.1 NE, CA US",0,",,N",0,",,N",,,,,,,,,,
US1CAAL0034,3/10/21,37.877502,-122.281264,36.6,"BERKELEY 1.1 NE, CA US",147,",,N",,,,,,,,,,,,
US1CAAL0034,3/11/21,37.877502,-122.281264,36.6,"BERKELEY 1.1 NE, CA US",46,",,N",,,,,,,,,,,,
US1CAAL0034,3/12/21,37.877502,-122.281264,36.6,"BERKELEY 1.1 NE, CA US",0,",,N",0,",,N",,,,,,,,,,
US1CAAL0034,3/13/21,37.877502,-122.281264,36.6,"BERKELEY 1.1 NE, CA US",0,",,N",0,",,N",,,,,,,,,,
US1CAAL0034,3/14/21,37.877502,-122.281264,36.6,"BERKELEY 1.1 NE, CA US",0,",,N",0,",,N",,,,,,,,,,
US1CAAL0034,3/15/21,37.877502,-122.281264,36.6,"BERKELEY 1.1 NE, CA US",84,",,N",,,,,,,,,,,,
US1CAAL0034,3/16/21,37.877502,-122.281264,36.6,"BERKELEY 1.1 NE, CA US",0,",,N",0,",,N",,,,,,,,,,
US1CAAL0034,3/17/21,37.877502,-122.281264,36.6,"BERKELEY 1.1 NE, CA US",0,",,N",0,",,N",,,,,,,,,,
US1CAAL0034,3/18/21,37.877502,-122.281264,36.6,"BERKELEY 1.1 NE, CA US",5,",,N",,,,,,,,,,,,
US1CAAL0034,3/19/21,37.877502,-122.281264,36.6,"BERKELEY 1.1 NE, CA US",135,",,N",,,,,,,,,,,,
US1CAAL0034,3/20/21,37.877502,-122.281264,36.6,"BERKELEY 1.1 NE, CA US",5,",,N",,,,,,,,,,,,
US1CAAL0034,3/21/21,37.877502,-122.281264,36.6,"BERKELEY 1.1 NE, CA US",0,",,N",0,",,N",,,,,,,,,,
US1CAAL0034,3/22/21,37.877502,-122.281264,36.6,"BERKELEY 1.1 NE, CA US",0,",,N",0,",,N",,,,,,,,,,
US1CAAL0034,3/23/21,37.877502,-122.281264,36.6,"BERKELEY 1.1 NE, CA US",0,",,N",0,",,N",,,,,,,,,,
US1CAAL0034,3/24/21,37.877502,-122.281264,36.6,"BERKELEY 1.1 NE, CA US",0,",,N",0,",,N",,,,,,,,,,
US1CAAL0034,3/25/21,37.877502,-122.281264,36.6,"BERKELEY 1.1 NE, CA US",0,",,N",0,",,N",,,,,,,,,,
US1CAAL0034,3/26/21,37.877502,-122.281264,36.6,"BERKELEY 1.1 NE, CA US",0,",,N",0,",,N",,,,,,,,,,
US1CAAL0034,3/27/21,37.877502,-122.281264,36.6,"BERKELEY 1.1 NE, CA US",0,",,N",0,",,N",,,,,,,,,,
US1CAAL0034,3/28/21,37.877502,-122.281264,36.6,"BERKELEY 1.1 NE, CA US",0,",,N",0,",,N",,,,,,,,,,
US1CAAL0034,3/29/21,37.877502,-122.281264,36.6,"BERKELEY 1.1 NE, CA US",0,",,N",0,",,N",,,,,,,,,,
US1CAAL0034,3/30/21,37.877502,-122.281264,36.6,"BERKELEY 1.1 NE, CA US",0,",,N",0,",,N",,,,,,,,,,
US1CAAL0034,3/31/21,37.877502,-122.281264,36.6,"BERKELEY 1.1 NE, CA US",0,",,N",0,",,N",,,,,,,,,,
US1CAAL0034,4/1/21,37.877502,-122.281264,36.6,"BERKELEY 1.1 NE, CA US",0,",,N",0,",,N",,,,,,,,,,
US1CAAL0034,4/2/21,37.877502,-122.281264,36.6,"BERKELEY 1.1 NE, CA US",0,",,N",0,",,N",,,,,,,,,,
US1CAAL0034,4/3/21,37.877502,-122.281264,36.6,"BERKELEY 1.1 NE, CA US",0,",,N",0,",,N",,,,,,,,,,
US1CAAL0034,4/4/21,37.877502,-122.281264,36.6,"BERKELEY 1.1 NE, CA US",0,",,N",0,",,N",,,,,,,,,,
US1CAAL0034,4/5/21,37.877502,-122.281264,36.6,"BERKELEY 1.1 NE, CA US",0,",,N",0,",,N",,,,,,,,,,
US1CAAL0034,4/6/21,37.877502,-122.281264,36.6,"BERKELEY 1.1 NE, CA US",0,",,N",0,",,N",,,,,,,,,,
US1CAAL0034,4/7/21,37.877502,-122.281264,36.6,"BERKELEY 1.1 NE, CA US",0,",,N",0,",,N",,,,,,,,,,
US1CAAL0034,4/8/21,37.877502,-122.281264,36.6,"BERKELEY 1.1 NE, CA US",0,",,N",0,",,N",,,,,,,,,,
US1CAAL0034,4/9/21,37.877502,-122.281264,36.6,"BERKELEY 1.1 NE, CA US",0,",,N",0,",,N",,,,,,,,,,
US1CAAL0034,4/10/21,37.877502,-122.281264,36.6,"BERKELEY 1.1 NE, CA US",0,",,N",0,",,N",,,,,,,,,,
US1CAAL0034,4/11/21,37.877502,-122.281264,36.6,"BERKELEY 1.1 NE, CA US",0,",,N",0,",,N",,,,,,,,,,
US1CAAL0034,4/12/21,37.877502,-122.281264,36.6,"BERKELEY 1.1 NE, CA US",0,",,N",0,",,N",,,,,,,,,,
US1CAAL0034,4/13/21,37.877502,-122.281264,36.6,"BERKELEY 1.1 NE, CA US",0,",,N",0,",,N",,,,,,,,,,
US1CAAL0034,4/14/21,37.877502,-122.281264,36.6,"BERKELEY 1.1 NE, CA US",0,",,N",0,",,N",,,,,,,,,,
US1CAAL0034,4/15/21,37.877502,-122.281264,36.6,"BERKELEY 1.1 NE, CA US",0,",,N",0,",,N",,,,,,,,,,
US1CAAL0034,4/16/21,37.877502,-122.281264,36.6,"BERKELEY 1.1 NE, CA US",0,",,N",0,",,N",,,,,,,,,,
US1CAAL0034,4/17/21,37.877502,-122.281264,36.6,"BERKELEY 1.1 NE, CA US",0,",,N",0,",,N",,,,,,,,,,
US1CAAL0034,4/18/21,37.877502,-122.281264,36.6,"BERKELEY 1.1 NE, CA US",0,",,N",0,",,N",,,,,,,,,,
US1CAAL0034,4/19/21,37.877502,-122.281264,36.6,"BERKELEY 1.1 NE, CA US",0,",,N",0,",,N",,,,,,,,,,
US1CAAL0034,4/20/21,37.877502,-122.281264,36.6,"BERKELEY 1.1 NE, CA US",0,",,N",0,",,N",,,,,,,,,,
US1CAAL0034,4/21/21,37.877502,-122.281264,36.6,"BERKELEY 1.1 NE, CA US",0,",,N",0,",,N",,,,,,,,,,
US1CAAL0034,4/22/21,37.877502,-122.281264,36.6,"BERKELEY 1.1 NE, CA US",0,",,N",0,",,N",,,,,,,,,,
US1CAAL0034,4/23/21,37.877502,-122.281264,36.6,"BERKELEY 1.1 NE, CA US",0,",,N",0,",,N",,,,,,,,,,
US1CAAL0034,4/24/21,37.877502,-122.281264,36.6,"BERKELEY 1.1 NE, CA US",0,",,N",0,",,N",,,,,,,,,,
US1CAAL0034,4/25/21,37.877502,-122.281264,36.6,"BERKELEY 1.1 NE, CA US",0,",,N",0,",,N",,,,,,,,,,
US1CAAL0034,4/26/21,37.877502,-122.281264,36.6,"BERKELEY 1.1 NE, CA US",46,",,N",,,,,,,,,,,,
US1CAAL0034,4/27/21,37.877502,-122.281264,36.6,"BERKELEY 1.1 NE, CA US",0,",,N",0,",,N",,,,,,,,,,
US1CAAL0034,4/28/21,37.877502,-122.281264,36.6,"BERKELEY 1.1 NE, CA US",0,",,N",0,",,N",,,,,,,,,,
US1CAAL0034,4/29/21,37.877502,-122.281264,36.6,"BERKELEY 1.1 NE, CA US",0,",,N",0,",,N",,,,,,,,,,
US1CAAL0034,4/30/21,37.877502,-122.281264,36.6,"BERKELEY 1.1 NE, CA US",0,",,N",0,",,N",,,,,,,,,,
US1CAAL0034,5/1/21,37.877502,-122.281264,36.6,"BERKELEY 1.1 NE, CA US",0,",,N",0,",,N",,,,,,,,,,
US1CAAL0034,5/2/21,37.877502,-122.281264,36.6,"BERKELEY 1.1 NE, CA US",0,",,N",0,",,N",,,,,,,,,,
US1CAAL0034,5/3/21,37.877502,-122.281264,36.6,"BERKELEY 1.1 NE, CA US",0,",,N",0,",,N",,,,,,,,,,
US1CAAL0034,5/4/21,37.877502,-122.281264,36.6,"BERKELEY 1.1 NE, CA US",0,",,N",0,",,N",,,,,,,,,,
US1CAAL0034,5/5/21,37.877502,-122.281264,36.6,"BERKELEY 1.1 NE, CA US",0,",,N",0,",,N",,,,,,,,,,
US1CAAL0034,5/6/21,37.877502,-122.281264,36.6,"BERKELEY 1.1 NE, CA US",0,",,N",0,",,N",,,,,,,,,,
US1CAAL0034,5/7/21,37.877502,-122.281264,36.6,"BERKELEY 1.1 NE, CA US",0,",,N",0,",,N",,,,,,,,,,
US1CAAL0034,5/8/21,37.877502,-122.281264,36.6,"BERKELEY 1.1 NE, CA US",0,",,N",0,",,N",,,,,,,,,,
US1CAAL0034,5/9/21,37.877502,-122.281264,36.6,"BERKELEY 1.1 NE, CA US",0,",,N",0,",,N",,,,,,,,,,
US1CAAL0034,5/10/21,37.877502,-122.281264,36.6,"BERKELEY 1.1 NE, CA US",0,",,N",0,",,N",,,,,,,,,,
US1CAAL0034,5/11/21,37.877502,-122.281264,36.6,"BERKELEY 1.1 NE, CA US",0,",,N",0,",,N",,,,,,,,,,
US1CAAL0034,5/12/21,37.877502,-122.281264,36.6,"BERKELEY 1.1 NE, CA US",0,",,N",0,",,N",,,,,,,,,,
US1CAAL0034,5/13/21,37.877502,-122.281264,36.6,"BERKELEY 1.1 NE, CA US",0,",,N",0,",,N",,,,,,,,,,
US1CAAL0034,5/14/21,37.877502,-122.281264,36.6,"BERKELEY 1.1 NE, CA US",0,",,N",0,",,N",,,,,,,,,,
US1CAAL0034,5/15/21,37.877502,-122.281264,36.6,"BERKELEY 1.1 NE, CA US",0,",,N",0,",,N",,,,,,,,,,
US1CAAL0034,5/16/21,37.877502,-122.281264,36.6,"BERKELEY 1.1 NE, CA US",0,",,N",0,",,N",,,,,,,,,,
US1CAAL0034,5/17/21,37.877502,-122.281264,36.6,"BERKELEY 1.1 NE, CA US",0,"T,,N",,,,,,,,,,,,
US1CAAL0034,5/18/21,37.877502,-122.281264,36.6,"BERKELEY 1.1 NE, CA US",0,",,N",0,",,N",,,,,,,,,,
US1CAAL0034,9/26/21,37.877502,-122.281264,36.6,"BERKELEY 1.1 NE, CA US",0,",,N",0,",,N",,,,,,,,,,
US1CAAL0034,9/27/21,37.877502,-122.281264,36.6,"BERKELEY 1.1 NE, CA US",0,",,N",0,",,N",,,,,,,,,,
US1CAAL0034,9/28/21,37.877502,-122.281264,36.6,"BERKELEY 1.1 NE, CA US",0,",,N",0,",,N",,,,,,,,,,
US1CAAL0034,9/29/21,37.877502,-122.281264,36.6,"BERKELEY 1.1 NE, CA US",0,",,N",0,",,N",,,,,,,,,,
US1CAAL0034,9/30/21,37.877502,-122.281264,36.6,"BERKELEY 1.1 NE, CA US",0,",,N",0,",,N",,,,,,,,,,
US1CAAL0034,10/1/21,37.877502,-122.281264,36.6,"BERKELEY 1.1 NE, CA US",0,",,N",0,",,N",,,,,,,,,,
US1CAAL0034,10/2/21,37.877502,-122.281264,36.6,"BERKELEY 1.1 NE, CA US",0,",,N",0,",,N",,,,,,,,,,
US1CAAL0034,10/3/21,37.877502,-122.281264,36.6,"BERKELEY 1.1 NE, CA US",0,",,N",0,",,N",,,,,,,,,,
US1CAAL0034,10/4/21,37.877502,-122.281264,36.6,"BERKELEY 1.1 NE, CA US",0,",,N",0,",,N",,,,,,,,,,
US1CAAL0034,10/5/21,37.877502,-122.281264,36.6,"BERKELEY 1.1 NE, CA US",0,",,N",0,",,N",,,,,,,,,,
US1CAAL0034,10/6/21,37.877502,-122.281264,36.6,"BERKELEY 1.1 NE, CA US",0,",,N",0,",,N",,,,,,,,,,
US1CAAL0034,10/7/21,37.877502,-122.281264,36.6,"BERKELEY 1.1 NE, CA US",0,",,N",0,",,N",,,,,,,,,,
US1CAAL0034,10/8/21,37.877502,-122.281264,36.6,"BERKELEY 1.1 NE, CA US",0,",,N",0,",,N",,,,,,,,,,
US1CAAL0034,10/9/21,37.877502,-122.281264,36.6,"BERKELEY 1.1 NE, CA US",0,",,N",0,",,N",,,,,,,,,,
US1CAAL0034,10/10/21,37.877502,-122.281264,36.6,"BERKELEY 1.1 NE, CA US",0,",,N",0,",,N",,,,,,,,,,
US1CAAL0034,10/11/21,37.877502,-122.281264,36.6,"BERKELEY 1.1 NE, CA US",0,",,N",0,",,N",,,,,,,,,,
US1CAAL0034,10/12/21,37.877502,-122.281264,36.6,"BERKELEY 1.1 NE, CA US",0,",,N",0,",,N",,,,,,,,,,
US1CAAL0034,10/13/21,37.877502,-122.281264,36.6,"BERKELEY 1.1 NE, CA US",0,",,N",0,",,N",,,,,,,,,,
US1CAAL0034,10/14/21,37.877502,-122.281264,36.6,"BERKELEY 1.1 NE, CA US",0,",,N",0,",,N",,,,,,,,,,
US1CAAL0034,10/15/21,37.877502,-122.281264,36.6,"BERKELEY 1.1 NE, CA US",0,",,N",0,",,N",,,,,,,,,,
US1CAAL0034,10/16/21,37.877502,-122.281264,36.6,"BERKELEY 1.1 NE, CA US",0,",,N",0,",,N",,,,,,,,,,
US1CAAL0034,10/17/21,37.877502,-122.281264,36.6,"BERKELEY 1.1 NE, CA US",0,",,N",0,",,N",,,,,,,,,,
US1CAAL0034,10/18/21,37.877502,-122.281264,36.6,"BERKELEY 1.1 NE, CA US",8,",,N",,,,,,,,,,,,
US1CAAL0034,10/19/21,37.877502,-122.281264,36.6,"BERKELEY 1.1 NE, CA US",0,",,N",0,",,N",,,,,,,,,,
US1CAAL0034,10/20/21,37.877502,-122.281264,36.6,"BERKELEY 1.1 NE, CA US",28,",,N",,,,,,,,,,,,
US1CAAL0034,10/21/21,37.877502,-122.281264,36.6,"BERKELEY 1.1 NE, CA US",102,",,N",,,,,,,,,,,,
US1CAAL0034,10/22/21,37.877502,-122.281264,36.6,"BERKELEY 1.1 NE, CA US",201,",,N",,,,,,,,,,,,
US1CAAL0034,10/23/21,37.877502,-122.281264,36.6,"BERKELEY 1.1 NE, CA US",3,",,N",,,,,,,,,,,,
US1CAAL0034,10/24/21,37.877502,-122.281264,36.6,"BERKELEY 1.1 NE, CA US",622,",,N",,,,,,,,,,,,
US1CAAL0034,10/25/21,37.877502,-122.281264,36.6,"BERKELEY 1.1 NE, CA US",1105,",,N",,,,,,,,,,,,
US1CAAL0034,10/26/21,37.877502,-122.281264,36.6,"BERKELEY 1.1 NE, CA US",18,",,N",,,,,,,,,,,,
US1CAAL0034,10/27/21,37.877502,-122.281264,36.6,"BERKELEY 1.1 NE, CA US",0,",,N",0,",,N",,,,,,,,,,
US1CAAL0034,10/28/21,37.877502,-122.281264,36.6,"BERKELEY 1.1 NE, CA US",0,",,N",0,",,N",,,,,,,,,,
US1CAAL0034,10/29/21,37.877502,-122.281264,36.6,"BERKELEY 1.1 NE, CA US",0,",,N",0,",,N",,,,,,,,,,
US1CAAL0034,10/30/21,37.877502,-122.281264,36.6,"BERKELEY 1.1 NE, CA US",0,",,N",0,",,N",,,,,,,,,,
US1CAAL0034,10/31/21,37.877502,-122.281264,36.6,"BERKELEY 1.1 NE, CA US",3,",,N",,,,,,,,,,,,
US1CAAL0034,11/1/21,37.877502,-122.281264,36.6,"BERKELEY 1.1 NE, CA US",0,",,N",0,",,N",,,,,,,,,,
US1CAAL0034,11/2/21,37.877502,-122.281264,36.6,"BERKELEY 1.1 NE, CA US",56,",,N",,,,,,,,,,,,
US1CAAL0034,11/3/21,37.877502,-122.281264,36.6,"BERKELEY 1.1 NE, CA US",0,",,N",0,",,N",,,,,,,,,,
US1CAAL0034,11/4/21,37.877502,-122.281264,36.6,"BERKELEY 1.1 NE, CA US",43,",,N",,,,,,,,,,,,
US1CAAL0034,11/5/21,37.877502,-122.281264,36.6,"BERKELEY 1.1 NE, CA US",0,",,N",0,",,N",,,,,,,,,,
US1CAAL0034,11/6/21,37.877502,-122.281264,36.6,"BERKELEY 1.1 NE, CA US",0,",,N",0,",,N",,,,,,,,,,
US1CAAL0034,11/8/21,37.877502,-122.281264,36.6,"BERKELEY 1.1 NE, CA US",0,",,N",0,",,N",,,,,,,,,,
US1CAAL0034,11/9/21,37.877502,-122.281264,36.6,"BERKELEY 1.1 NE, CA US",251,",,N",,,,,,,,,,,,
US1CAAL0034,11/10/21,37.877502,-122.281264,36.6,"BERKELEY 1.1 NE, CA US",23,",,N",,,,,,,,,,,,
US1CAAL0034,11/11/21,37.877502,-122.281264,36.6,"BERKELEY 1.1 NE, CA US",0,",,N",0,",,N",,,,,,,,,,
US1CAAL0034,11/12/21,37.877502,-122.281264,36.6,"BERKELEY 1.1 NE, CA US",0,",,N",0,",,N",,,,,,,,,,
US1CAAL0034,11/13/21,37.877502,-122.281264,36.6,"BERKELEY 1.1 NE, CA US",0,",,N",0,",,N",,,,,,,,,,
US1CAAL0034,11/14/21,37.877502,-122.281264,36.6,"BERKELEY 1.1 NE, CA US",0,",,N",0,",,N",,,,,,,,,,
US1CAAL0034,11/15/21,37.877502,-122.281264,36.6,"BERKELEY 1.1 NE, CA US",0,",,N",0,",,N",,,,,,,,,,
US1CAAL0034,11/16/21,37.877502,-122.281264,36.6,"BERKELEY 1.1 NE, CA US",0,",,N",0,",,N",,,,,,,,,,
US1CAAL0034,11/17/21,37.877502,-122.281264,36.6,"BERKELEY 1.1 NE, CA US",0,",,N",0,",,N",,,,,,,,,,
US1CAAL0034,11/18/21,37.877502,-122.281264,36.6,"BERKELEY 1.1 NE, CA US",0,",,N",0,",,N",,,,,,,,,,
US1CAAL0034,11/19/21,37.877502,-122.281264,36.6,"BERKELEY 1.1 NE, CA US",0,",,N",0,",,N",,,,,,,,,,
US1CAAL0034,11/20/21,37.877502,-122.281264,36.6,"BERKELEY 1.1 NE, CA US",8,",,N",,,,,,,,,,,,
US1CAAL0034,11/21/21,37.877502,-122.281264,36.6,"BERKELEY 1.1 NE, CA US",0,",,N",0,",,N",,,,,,,,,,
US1CAAL0034,11/22/21,37.877502,-122.281264,36.6,"BERKELEY 1.1 NE, CA US",0,",,N",0,",,N",,,,,,,,,,
US1CAAL0034,11/23/21,37.877502,-122.281264,36.6,"BERKELEY 1.1 NE, CA US",0,",,N",0,",,N",,,,,,,,,,
US1CAAL0034,11/24/21,37.877502,-122.281264,36.6,"BERKELEY 1.1 NE, CA US",0,",,N",0,",,N",,,,,,,,,,
US1CAAL0034,11/25/21,37.877502,-122.281264,36.6,"BERKELEY 1.1 NE, CA US",0,",,N",0,",,N",,,,,,,,,,
US1CAAL0034,11/26/21,37.877502,-122.281264,36.6,"BERKELEY 1.1 NE, CA US",0,",,N",0,",,N",,,,,,,,,,
US1CAAL0034,11/27/21,37.877502,-122.281264,36.6,"BERKELEY 1.1 NE, CA US",0,",,N",0,",,N",,,,,,,,,,
US1CAAL0034,11/28/21,37.877502,-122.281264,36.6,"BERKELEY 1.1 NE, CA US",0,",,N",0,",,N",,,,,,,,,,
US1CAAL0034,11/29/21,37.877502,-122.281264,36.6,"BERKELEY 1.1 NE, CA US",0,",,N",0,",,N",,,,,,,,,,
US1CAAL0034,11/30/21,37.877502,-122.281264,36.6,"BERKELEY 1.1 NE, CA US",0,",,N",0,",,N",,,,,,,,,,
US1CAAL0034,12/1/21,37.877502,-122.281264,36.6,"BERKELEY 1.1 NE, CA US",0,",,N",0,",,N",,,,,,,,,,
US1CAAL0034,12/2/21,37.877502,-122.281264,36.6,"BERKELEY 1.1 NE, CA US",0,",,N",0,",,N",,,,,,,,,,
US1CAAL0034,12/3/21,37.877502,-122.281264,36.6,"BERKELEY 1.1 NE, CA US",0,",,N",0,",,N",,,,,,,,,,
US1CAAL0034,12/4/21,37.877502,-122.281264,36.6,"BERKELEY 1.1 NE, CA US",0,",,N",0,",,N",,,,,,,,,,
US1CAAL0034,12/5/21,37.877502,-122.281264,36.6,"BERKELEY 1.1 NE, CA US",0,",,N",0,",,N",,,,,,,,,,
US1CAAL0034,12/6/21,37.877502,-122.281264,36.6,"BERKELEY 1.1 NE, CA US",0,",,N",0,",,N",,,,,,,,,,
US1CAAL0034,12/7/21,37.877502,-122.281264,36.6,"BERKELEY 1.1 NE, CA US",3,",,N",,,,,,,,,,,,
US1CAAL0034,12/8/21,37.877502,-122.281264,36.6,"BERKELEY 1.1 NE, CA US",0,",,N",0,",,N",,,,,,,,,,
US1CAAL0034,12/9/21,37.877502,-122.281264,36.6,"BERKELEY 1.1 NE, CA US",0,"T,,N",,,,,,,,,,,,
US1CAAL0034,12/10/21,37.877502,-122.281264,36.6,"BERKELEY 1.1 NE, CA US",0,",,N",0,",,N",,,,,,,,,,
US1CAAL0034,12/11/21,37.877502,-122.281264,36.6,"BERKELEY 1.1 NE, CA US",0,",,N",0,",,N",,,,,,,,,,
US1CAAL0034,12/12/21,37.877502,-122.281264,36.6,"BERKELEY 1.1 NE, CA US",15,",,N",,,,,,,,,,,,
US1CAAL0034,12/13/21,37.877502,-122.281264,36.6,"BERKELEY 1.1 NE, CA US",726,",,N",,,,,,,,,,,,
US1CAAL0034,12/14/21,37.877502,-122.281264,36.6,"BERKELEY 1.1 NE, CA US",470,",,N",,,,,,,,,,,,
US1CAAL0034,12/15/21,37.877502,-122.281264,36.6,"BERKELEY 1.1 NE, CA US",25,",,N",,,,,,,,,,,,
US1CAAL0034,12/16/21,37.877502,-122.281264,36.6,"BERKELEY 1.1 NE, CA US",297,",,N",,,,,,,,,,,,
US1CAAL0034,12/17/21,37.877502,-122.281264,36.6,"BERKELEY 1.1 NE, CA US",0,",,N",0,",,N",,,,,,,,,,
US1CAAL0034,12/18/21,37.877502,-122.281264,36.6,"BERKELEY 1.1 NE, CA US",0,",,N",0,",,N",,,,,,,,,,
US1CAAL0034,12/19/21,37.877502,-122.281264,36.6,"BERKELEY 1.1 NE, CA US",0,",,N",0,",,N",,,,,,,,,,
US1CAAL0034,12/20/21,37.877502,-122.281264,36.6,"BERKELEY 1.1 NE, CA US",0,",,N",0,",,N",,,,,,,,,,
US1CAAL0034,12/21/21,37.877502,-122.281264,36.6,"BERKELEY 1.1 NE, CA US",0,",,N",0,",,N",,,,,,,,,,
US1CAAL0034,12/22/21,37.877502,-122.281264,36.6,"BERKELEY 1.1 NE, CA US",142,",,N",,,,,,,,,,,,
US1CAAL0034,12/23/21,37.877502,-122.281264,36.6,"BERKELEY 1.1 NE, CA US",224,",,N",,,,,,,,,,,,
US1CAAL0034,12/24/21,37.877502,-122.281264,36.6,"BERKELEY 1.1 NE, CA US",140,",,N",,,,,,,,,,,,
US1CAAL0034,12/25/21,37.877502,-122.281264,36.6,"BERKELEY 1.1 NE, CA US",64,",,N",,,,,,,,,,,,
US1CAAL0034,12/26/21,37.877502,-122.281264,36.6,"BERKELEY 1.1 NE, CA US",84,",,N",,,,,,,,,,,,
US1CAAL0034,12/27/21,37.877502,-122.281264,36.6,"BERKELEY 1.1 NE, CA US",147,",,N",,,,,,,,,,,,
US1CAAL0034,12/28/21,37.877502,-122.281264,36.6,"BERKELEY 1.1 NE, CA US",8,",,N",,,,,,,,,,,,
US1CAAL0034,12/29/21,37.877502,-122.281264,36.6,"BERKELEY 1.1 NE, CA US",58,",,N",0,",,N",0,",,N",,,,,0,",,N",0,",,N"
US1CAAL0034,12/30/21,37.877502,-122.281264,36.6,"BERKELEY 1.1 NE, CA US",58,",,N",,,,,,,,,,,,
US1CAAL0034,12/31/21,37.877502,-122.281264,36.6,"BERKELEY 1.1 NE, CA US",0,",,N",0,",,N",0,",,N",,,,,0,",,N",0,",,N"
US1CAAL0034,1/1/22,37.877502,-122.281264,36.6,"BERKELEY 1.1 NE, CA US",0,",,N",0,",,N",,,,,,,,,,
US1CAAL0034,1/2/22,37.877502,-122.281264,36.6,"BERKELEY 1.1 NE, CA US",0,",,N",0,",,N",,,,,,,,,,
US1CAAL0034,1/3/22,37.877502,-122.281264,36.6,"BERKELEY 1.1 NE, CA US",0,",,N",0,",,N",,,,,,,,,,
US1CAAL0034,1/4/22,37.877502,-122.281264,36.6,"BERKELEY 1.1 NE, CA US",127,",,N",,,,,,,,,,,,
US1CAAL0034,1/5/22,37.877502,-122.281264,36.6,"BERKELEY 1.1 NE, CA US",0,"T,,N",,,,,,,,,,,,
US1CAAL0034,1/6/22,37.877502,-122.281264,36.6,"BERKELEY 1.1 NE, CA US",0,",,N",0,",,N",,,,,,,,,,
US1CAAL0034,1/7/22,37.877502,-122.281264,36.6,"BERKELEY 1.1 NE, CA US",0,"T,,N",,,,,,,,,,,,
US1CAAL0034,1/8/22,37.877502,-122.281264,36.6,"BERKELEY 1.1 NE, CA US",3,",,N",,,,,,,,,,,,
US1CAAL0034,1/9/22,37.877502,-122.281264,36.6,"BERKELEY 1.1 NE, CA US",0,",,N",0,",,N",,,,,,,,,,
US1CAAL0034,1/10/22,37.877502,-122.281264,36.6,"BERKELEY 1.1 NE, CA US",0,",,N",0,",,N",,,,,,,,,,
US1CAAL0034,1/11/22,37.877502,-122.281264,36.6,"BERKELEY 1.1 NE, CA US",0,",,N",0,",,N",,,,,,,,,,
US1CAAL0034,1/12/22,37.877502,-122.281264,36.6,"BERKELEY 1.1 NE, CA US",0,",,N",0,",,N",,,,,,,,,,
US1CAAL0034,1/13/22,37.877502,-122.281264,36.6,"BERKELEY 1.1 NE, CA US",0,",,N",0,",,N",,,,,,,,,,
US1CAAL0034,1/14/22,37.877502,-122.281264,36.6,"BERKELEY 1.1 NE, CA US",0,",,N",0,",,N",,,,,,,,,,
US1CAAL0034,1/15/22,37.877502,-122.281264,36.6,"BERKELEY 1.1 NE, CA US",0,",,N",0,",,N",,,,,,,,,,
US1CAAL0034,1/16/22,37.877502,-122.281264,36.6,"BERKELEY 1.1 NE, CA US",0,",,N",0,",,N",,,,,,,,,,
US1CAAL0034,1/17/22,37.877502,-122.281264,36.6,"BERKELEY 1.1 NE, CA US",0,",,N",0,",,N",,,,,,,,,,
US1CAAL0034,1/18/22,37.877502,-122.281264,36.6,"BERKELEY 1.1 NE, CA US",0,"T,,N",,,,,,,,,,,,
US1CAAL0034,1/19/22,37.877502,-122.281264,36.6,"BERKELEY 1.1 NE, CA US",0,",,N",0,",,N",,,,,,,,,,
US1CAAL0034,1/20/22,37.877502,-122.281264,36.6,"BERKELEY 1.1 NE, CA US",0,"T,,N",,,,,,,,,,,,
US1CAAL0034,1/21/22,37.877502,-122.281264,36.6,"BERKELEY 1.1 NE, CA US",0,",,N",0,",,N",,,,,,,,,,
US1CAAL0034,1/22/22,37.877502,-122.281264,36.6,"BERKELEY 1.1 NE, CA US",0,",,N",0,",,N",,,,,,,,,,
US1CAAL0034,1/23/22,37.877502,-122.281264,36.6,"BERKELEY 1.1 NE, CA US",0,",,N",0,",,N",,,,,,,,,,
US1CAAL0034,1/24/22,37.877502,-122.281264,36.6,"BERKELEY 1.1 NE, CA US",0,",,N",0,",,N",,,,,,,,,,
US1CAAL0034,1/25/22,37.877502,-122.281264,36.6,"BERKELEY 1.1 NE, CA US",0,",,N",0,",,N",,,,,,,,,,
US1CAAL0034,1/26/22,37.877502,-122.281264,36.6,"BERKELEY 1.1 NE, CA US",0,",,N",0,",,N",,,,,,,,,,
US1CAAL0034,1/27/22,37.877502,-122.281264,36.6,"BERKELEY 1.1 NE, CA US",0,",,N",0,",,N",,,,,,,,,,
US1CAAL0034,1/28/22,37.877502,-122.281264,36.6,"BERKELEY 1.1 NE, CA US",0,",,N",0,",,N",,,,,,,,,,
US1CAAL0034,1/29/22,37.877502,-122.281264,36.6,"BERKELEY 1.1 NE, CA US",0,",,N",0,",,N",,,,,,,,,,
US1CAAL0034,1/30/22,37.877502,-122.281264,36.6,"BERKELEY 1.1 NE, CA US",0,",,N",0,",,N",,,,,,,,,,
US1CAAL0034,1/31/22,37.877502,-122.281264,36.6,"BERKELEY 1.1 NE, CA US",0,",,N",0,",,N",,,,,,,,,,
US1CAAL0034,2/1/22,37.877502,-122.281264,36.6,"BERKELEY 1.1 NE, CA US",0,",,N",0,",,N",,,,,,,,,,
US1CAAL0034,2/2/22,37.877502,-122.281264,36.6,"BERKELEY 1.1 NE, CA US",0,",,N",0,",,N",,,,,,,,,,
US1CAAL0034,2/3/22,37.877502,-122.281264,36.6,"BERKELEY 1.1 NE, CA US",0,",,N",0,",,N",,,,,,,,,,
US1CAAL0034,2/4/22,37.877502,-122.281264,36.6,"BERKELEY 1.1 NE, CA US",0,",,N",0,",,N",,,,,,,,,,
US1CAAL0034,2/5/22,37.877502,-122.281264,36.6,"BERKELEY 1.1 NE, CA US",0,",,N",0,",,N",,,,,,,,,,
US1CAAL0034,2/6/22,37.877502,-122.281264,36.6,"BERKELEY 1.1 NE, CA US",0,",,N",0,",,N",,,,,,,,,,
US1CAAL0034,2/7/22,37.877502,-122.281264,36.6,"BERKELEY 1.1 NE, CA US",0,",,N",0,",,N",,,,,,,,,,
US1CAAL0034,2/8/22,37.877502,-122.281264,36.6,"BERKELEY 1.1 NE, CA US",0,",,N",0,",,N",,,,,,,,,,
US1CAAL0034,2/9/22,37.877502,-122.281264,36.6,"BERKELEY 1.1 NE, CA US",0,",,N",0,",,N",,,,,,,,,,
US1CAAL0034,2/10/22,37.877502,-122.281264,36.6,"BERKELEY 1.1 NE, CA US",0,",,N",0,",,N",,,,,,,,,,
US1CAAL0034,2/11/22,37.877502,-122.281264,36.6,"BERKELEY 1.1 NE, CA US",0,",,N",0,",,N",,,,,,,,,,
US1CAAL0034,2/12/22,37.877502,-122.281264,36.6,"BERKELEY 1.1 NE, CA US",0,",,N",0,",,N",,,,,,,,,,
US1CAAL0034,2/13/22,37.877502,-122.281264,36.6,"BERKELEY 1.1 NE, CA US",0,",,N",0,",,N",,,,,,,,,,
US1CAAL0034,2/14/22,37.877502,-122.281264,36.6,"BERKELEY 1.1 NE, CA US",0,",,N",0,",,N",,,,,,,,,,
US1CAAL0034,2/15/22,37.877502,-122.281264,36.6,"BERKELEY 1.1 NE, CA US",0,",,N",0,",,N",,,,,,,,,,
US1CAAL0034,2/16/22,37.877502,-122.281264,36.6,"BERKELEY 1.1 NE, CA US",0,",,N",0,",,N",,,,,,,,,,
US1CAAL0034,2/17/22,37.877502,-122.281264,36.6,"BERKELEY 1.1 NE, CA US",0,",,N",0,",,N",,,,,,,,,,
US1CAAL0034,2/18/22,37.877502,-122.281264,36.6,"BERKELEY 1.1 NE, CA US",0,",,N",0,",,N",,,,,,,,,,
US1CAAL0034,2/19/22,37.877502,-122.281264,36.6,"BERKELEY 1.1 NE, CA US",0,",,N",0,",,N",,,,,,,,,,
US1CAAL0034,2/20/22,37.877502,-122.281264,36.6,"BERKELEY 1.1 NE, CA US",0,",,N",0,",,N",,,,,,,,,,
US1CAAL0034,2/21/22,37.877502,-122.281264,36.6,"BERKELEY 1.1 NE, CA US",0,",,N",0,",,N",,,,,,,,,,
US1CAAL0034,2/22/22,37.877502,-122.281264,36.6,"BERKELEY 1.1 NE, CA US",0,"T,,N",,,,,,,,,,,,
US1CAAL0034,2/23/22,37.877502,-122.281264,36.6,"BERKELEY 1.1 NE, CA US",5,",,N",,,,,,,,,,,,
US1CAAL0034,2/24/22,37.877502,-122.281264,36.6,"BERKELEY 1.1 NE, CA US",0,",,N",0,",,N",,,,,,,,,,
US1CAAL0034,2/25/22,37.877502,-122.281264,36.6,"BERKELEY 1.1 NE, CA US",0,",,N",0,",,N",,,,,,,,,,
US1CAAL0034,2/26/22,37.877502,-122.281264,36.6,"BERKELEY 1.1 NE, CA US",0,",,N",0,",,N",,,,,,,,,,
US1CAAL0034,2/27/22,37.877502,-122.281264,36.6,"BERKELEY 1.1 NE, CA US",0,",,N",0,",,N",,,,,,,,,,
US1CAAL0034,2/28/22,37.877502,-122.281264,36.6,"BERKELEY 1.1 NE, CA US",0,",,N",0,",,N",,,,,,,,,,
US1CAAL0034,3/1/22,37.877502,-122.281264,36.6,"BERKELEY 1.1 NE, CA US",0,",,N",0,",,N",,,,,,,,,,
US1CAAL0034,3/2/22,37.877502,-122.281264,36.6,"BERKELEY 1.1 NE, CA US",0,",,N",0,",,N",,,,,,,,,,
US1CAAL0034,3/3/22,37.877502,-122.281264,36.6,"BERKELEY 1.1 NE, CA US",0,",,N",0,",,N",,,,,,,,,,
US1CAAL0034,3/4/22,37.877502,-122.281264,36.6,"BERKELEY 1.1 NE, CA US",15,",,N",,,,,,,,,,,,
US1CAAL0034,3/5/22,37.877502,-122.281264,36.6,"BERKELEY 1.1 NE, CA US",5,",,N",,,,,,,,,,,,
US1CAAL0034,3/6/22,37.877502,-122.281264,36.6,"BERKELEY 1.1 NE, CA US",0,",,N",0,",,N",,,,,,,,,,
US1CAAL0034,3/7/22,37.877502,-122.281264,36.6,"BERKELEY 1.1 NE, CA US",0,",,N",0,",,N",,,,,,,,,,
US1CAAL0034,3/8/22,37.877502,-122.281264,36.6,"BERKELEY 1.1 NE, CA US",0,",,N",0,",,N",,,,,,,,,,
US1CAAL0034,3/9/22,37.877502,-122.281264,36.6,"BERKELEY 1.1 NE, CA US",0,",,N",0,",,N",,,,,,,,,,
US1CAAL0034,3/10/22,37.877502,-122.281264,36.6,"BERKELEY 1.1 NE, CA US",0,",,N",0,",,N",,,,,,,,,,
US1CAAL0034,3/11/22,37.877502,-122.281264,36.6,"BERKELEY 1.1 NE, CA US",0,",,N",0,",,N",,,,,,,,,,
US1CAAL0034,3/12/22,37.877502,-122.281264,36.6,"BERKELEY 1.1 NE, CA US",0,",,N",0,",,N",,,,,,,,,,
US1CAAL0034,3/13/22,37.877502,-122.281264,36.6,"BERKELEY 1.1 NE, CA US",5,",,N",0,",,N",,,,,,,,,,
US1CAAL0034,3/14/22,37.877502,-122.281264,36.6,"BERKELEY 1.1 NE, CA US",0,",,N",0,",,N",,,,,,,,,,
US1CAAL0034,3/15/22,37.877502,-122.281264,36.6,"BERKELEY 1.1 NE, CA US",41,",,N",,,,,,,,,,,,
US1CAAL0034,3/16/22,37.877502,-122.281264,36.6,"BERKELEY 1.1 NE, CA US",0,",,N",0,",,N",,,,,,,,,,
US1CAAL0034,3/17/22,37.877502,-122.281264,36.6,"BERKELEY 1.1 NE, CA US",0,",,N",0,",,N",,,,,,,,,,
US1CAAL0034,3/18/22,37.877502,-122.281264,36.6,"BERKELEY 1.1 NE, CA US",0,",,N",0,",,N",,,,,,,,,,
US1CAAL0034,3/19/22,37.877502,-122.281264,36.6,"BERKELEY 1.1 NE, CA US",0,",,N",0,",,N",,,,,,,,,,
US1CAAL0034,3/20/22,37.877502,-122.281264,36.6,"BERKELEY 1.1 NE, CA US",5,",,N",,,,,,,,,,,,
US1CAAL0034,3/21/22,37.877502,-122.281264,36.6,"BERKELEY 1.1 NE, CA US",0,",,N",0,",,N",,,,,,,,,,
US1CAAL0034,3/22/22,37.877502,-122.281264,36.6,"BERKELEY 1.1 NE, CA US",0,",,N",0,",,N",,,,,,,,,,
US1CAAL0034,3/23/22,37.877502,-122.281264,36.6,"BERKELEY 1.1 NE, CA US",0,",,N",0,",,N",,,,,,,,,,
US1CAAL0034,3/24/22,37.877502,-122.281264,36.6,"BERKELEY 1.1 NE, CA US",0,",,N",0,",,N",,,,,,,,,,
US1CAAL0034,3/25/22,37.877502,-122.281264,36.6,"BERKELEY 1.1 NE, CA US",0,",,N",0,",,N",,,,,,,,,,
US1CAAL0034,3/26/22,37.877502,-122.281264,36.6,"BERKELEY 1.1 NE, CA US",0,",,N",0,",,N",,,,,,,,,,
US1CAAL0034,3/27/22,37.877502,-122.281264,36.6,"BERKELEY 1.1 NE, CA US",0,",,N",0,",,N",,,,,,,,,,
US1CAAL0034,3/28/22,37.877502,-122.281264,36.6,"BERKELEY 1.1 NE, CA US",104,",,N",,,,,,,,,,,,
US1CAAL0034,3/29/22,37.877502,-122.281264,36.6,"BERKELEY 1.1 NE, CA US",0,"T,,N",,,,,,,,,,,,
US1CAAL0034,3/30/22,37.877502,-122.281264,36.6,"BERKELEY 1.1 NE, CA US",0,",,N",0,",,N",,,,,,,,,,
US1CAAL0034,3/31/22,37.877502,-122.281264,36.6,"BERKELEY 1.1 NE, CA US",0,",,N",0,",,N",,,,,,,,,,
US1CAAL0034,4/1/22,37.877502,-122.281264,36.6,"BERKELEY 1.1 NE, CA US",0,",,N",0,",,N",,,,,,,,,,
US1CAAL0034,4/2/22,37.877502,-122.281264,36.6,"BERKELEY 1.1 NE, CA US",0,",,N",0,",,N",,,,,,,,,,
US1CAAL0034,4/3/22,37.877502,-122.281264,36.6,"BERKELEY 1.1 NE, CA US",0,",,N",0,",,N",,,,,,,,,,
US1CAAL0034,4/4/22,37.877502,-122.281264,36.6,"BERKELEY 1.1 NE, CA US",0,",,N",0,",,N",,,,,,,,,,
US1CAAL0034,4/5/22,37.877502,-122.281264,36.6,"BERKELEY 1.1 NE, CA US",0,",,N",0,",,N",,,,,,,,,,
US1CAAL0034,4/6/22,37.877502,-122.281264,36.6,"BERKELEY 1.1 NE, CA US",0,",,N",0,",,N",,,,,,,,,,
US1CAAL0034,4/7/22,37.877502,-122.281264,36.6,"BERKELEY 1.1 NE, CA US",0,",,N",0,",,N",,,,,,,,,,
US1CAAL0034,4/8/22,37.877502,-122.281264,36.6,"BERKELEY 1.1 NE, CA US",0,",,N",0,",,N",,,,,,,,,,
US1CAAL0034,4/9/22,37.877502,-122.281264,36.6,"BERKELEY 1.1 NE, CA US",0,",,N",0,",,N",,,,,,,,,,
US1CAAL0034,4/10/22,37.877502,-122.281264,36.6,"BERKELEY 1.1 NE, CA US",0,",,N",0,",,N",,,,,,,,,,
US1CAAL0034,4/11/22,37.877502,-122.281264,36.6,"BERKELEY 1.1 NE, CA US",0,"T,,N",,,,,,,,,,,,
US1CAAL0034,4/12/22,37.877502,-122.281264,36.6,"BERKELEY 1.1 NE, CA US",5,",,N",,,,,,,,,,,,
US1CAAL0034,4/13/22,37.877502,-122.281264,36.6,"BERKELEY 1.1 NE, CA US",0,",,N",0,",,N",,,,,,,,,,
US1CAAL0034,4/14/22,37.877502,-122.281264,36.6,"BERKELEY 1.1 NE, CA US",0,"T,,N",,,,,,,,,,,,
US1CAAL0034,4/15/22,37.877502,-122.281264,36.6,"BERKELEY 1.1 NE, CA US",41,",,N",,,,,,,,,,,,
US1CAAL0034,4/16/22,37.877502,-122.281264,36.6,"BERKELEY 1.1 NE, CA US",135,",,N",,,,,,,,,,,,
US1CAAL0034,4/17/22,37.877502,-122.281264,36.6,"BERKELEY 1.1 NE, CA US",0,",,N",0,",,N",,,,,,,,,,
US1CAAL0034,4/18/22,37.877502,-122.281264,36.6,"BERKELEY 1.1 NE, CA US",0,",,N",0,",,N",,,,,,,,,,
US1CAAL0034,4/19/22,37.877502,-122.281264,36.6,"BERKELEY 1.1 NE, CA US",46,",,N",,,,,,,,,,,,
US1CAAL0034,4/20/22,37.877502,-122.281264,36.6,"BERKELEY 1.1 NE, CA US",0,",,N",0,",,N",,,,,,,,,,
US1CAAL0034,4/21/22,37.877502,-122.281264,36.6,"BERKELEY 1.1 NE, CA US",81,",,N",,,,,,,,,,,,
US1CAAL0034,4/22/22,37.877502,-122.281264,36.6,"BERKELEY 1.1 NE, CA US",20,",,N",,,,,,,,,,,,
US1CAAL0034,4/23/22,37.877502,-122.281264,36.6,"BERKELEY 1.1 NE, CA US",0,",,N",0,",,N",,,,,,,,,,
US1CAAL0034,4/24/22,37.877502,-122.281264,36.6,"BERKELEY 1.1 NE, CA US",0,",,N",0,",,N",,,,,,,,,,
US1CAAL0034,4/25/22,37.877502,-122.281264,36.6,"BERKELEY 1.1 NE, CA US",0,",,N",0,",,N",,,,,,,,,,
US1CAAL0034,4/26/22,37.877502,-122.281264,36.6,"BERKELEY 1.1 NE, CA US",0,",,N",0,",,N",,,,,,,,,,
US1CAAL0034,4/27/22,37.877502,-122.281264,36.6,"BERKELEY 1.1 NE, CA US",0,",,N",0,",,N",,,,,,,,,,
US1CAAL0034,4/28/22,37.877502,-122.281264,36.6,"BERKELEY 1.1 NE, CA US",0,",,N",0,",,N",,,,,,,,,,
US1CAAL0034,4/29/22,37.877502,-122.281264,36.6,"BERKELEY 1.1 NE, CA US",0,",,N",0,",,N",,,,,,,,,,
US1CAAL0034,4/30/22,37.877502,-122.281264,36.6,"BERKELEY 1.1 NE, CA US",0,",,N",0,",,N",,,,,,,,,,
US1CAAL0034,5/1/22,37.877502,-122.281264,36.6,"BERKELEY 1.1 NE, CA US",0,",,N",0,",,N",,,,,,,,,,
US1CAAL0034,5/2/22,37.877502,-122.281264,36.6,"BERKELEY 1.1 NE, CA US",0,",,N",0,",,N",,,,,,,,,,
US1CAAL0034,5/3/22,37.877502,-122.281264,36.6,"BERKELEY 1.1 NE, CA US",0,",,N",0,",,N",,,,,,,,,,
US1CAAL0034,5/4/22,37.877502,-122.281264,36.6,"BERKELEY 1.1 NE, CA US",0,",,N",0,",,N",,,,,,,,,,
US1CAAL0034,5/5/22,37.877502,-122.281264,36.6,"BERKELEY 1.1 NE, CA US",0,",,N",0,",,N",,,,,,,,,,
US1CAAL0034,5/6/22,37.877502,-122.281264,36.6,"BERKELEY 1.1 NE, CA US",0,",,N",0,",,N",,,,,,,,,,
US1CAAL0034,5/7/22,37.877502,-122.281264,36.6,"BERKELEY 1.1 NE, CA US",0,",,N",0,",,N",,,,,,,,,,
US1CAAL0034,5/8/22,37.877502,-122.281264,36.6,"BERKELEY 1.1 NE, CA US",0,",,N",0,",,N",,,,,,,,,,
US1CAAL0034,5/9/22,37.877502,-122.281264,36.6,"BERKELEY 1.1 NE, CA US",0,",,N",0,",,N",,,,,,,,,,
US1CAAL0034,5/10/22,37.877502,-122.281264,36.6,"BERKELEY 1.1 NE, CA US",0,",,N",0,",,N",,,,,,,,,,
US1CAAL0034,5/11/22,37.877502,-122.281264,36.6,"BERKELEY 1.1 NE, CA US",0,",,N",0,",,N",,,,,,,,,,
US1CAAL0034,5/12/22,37.877502,-122.281264,36.6,"BERKELEY 1.1 NE, CA US",0,",,N",0,",,N",,,,,,,,,,
US1CAAL0034,5/13/22,37.877502,-122.281264,36.6,"BERKELEY 1.1 NE, CA US",0,",,N",0,",,N",,,,,,,,,,
US1CAAL0034,5/14/22,37.877502,-122.281264,36.6,"BERKELEY 1.1 NE, CA US",0,",,N",0,",,N",,,,,,,,,,
US1CAAL0034,5/15/22,37.877502,-122.281264,36.6,"BERKELEY 1.1 NE, CA US",0,",,N",0,",,N",,,,,,,,,,
US1CAAL0034,5/16/22,37.877502,-122.281264,36.6,"BERKELEY 1.1 NE, CA US",0,",,N",0,",,N",,,,,,,,,,
US1CAAL0034,5/17/22,37.877502,-122.281264,36.6,"BERKELEY 1.1 NE, CA US",0,",,N",0,",,N",,,,,,,,,,
US1CAAL0034,5/18/22,37.877502,-122.281264,36.6,"BERKELEY 1.1 NE, CA US",0,",,N",0,",,N",,,,,,,,,,
US1CAAL0034,5/19/22,37.877502,-122.281264,36.6,"BERKELEY 1.1 NE, CA US",0,",,N",0,",,N",,,,,,,,,,
US1CAAL0034,5/20/22,37.877502,-122.281264,36.6,"BERKELEY 1.1 NE, CA US",0,",,N",0,",,N",,,,,,,,,,
US1CAAL0034,5/21/22,37.877502,-122.281264,36.6,"BERKELEY 1.1 NE, CA US",0,",,N",0,",,N",,,,,,,,,,
US1CAAL0034,5/22/22,37.877502,-122.281264,36.6,"BERKELEY 1.1 NE, CA US",0,",,N",0,",,N",,,,,,,,,,
US1CAAL0034,5/23/22,37.877502,-122.281264,36.6,"BERKELEY 1.1 NE, CA US",0,",,N",0,",,N",,,,,,,,,,
US1CAAL0034,5/24/22,37.877502,-122.281264,36.6,"BERKELEY 1.1 NE, CA US",0,",,N",0,",,N",,,,,,,,,,
US1CAAL0034,5/25/22,37.877502,-122.281264,36.6,"BERKELEY 1.1 NE, CA US",0,",,N",0,",,N",,,,,,,,,,
US1CAAL0034,5/26/22,37.877502,-122.281264,36.6,"BERKELEY 1.1 NE, CA US",0,",,N",0,",,N",,,,,,,,,,
US1CAAL0034,5/27/22,37.877502,-122.281264,36.6,"BERKELEY 1.1 NE, CA US",0,",,N",0,",,N",,,,,,,,,,
US1CAAL0034,5/28/22,37.877502,-122.281264,36.6,"BERKELEY 1.1 NE, CA US",0,",,N",0,",,N",,,,,,,,,,
US1CAAL0034,5/29/22,37.877502,-122.281264,36.6,"BERKELEY 1.1 NE, CA US",0,",,N",0,",,N",,,,,,,,,,
US1CAAL0034,5/30/22,37.877502,-122.281264,36.6,"BERKELEY 1.1 NE, CA US",0,",,N",0,",,N",,,,,,,,,,
US1CAAL0034,5/31/22,37.877502,-122.281264,36.6,"BERKELEY 1.1 NE, CA US",0,",,N",0,",,N",,,,,,,,,,
US1CAAL0034,6/1/22,37.877502,-122.281264,36.6,"BERKELEY 1.1 NE, CA US",0,",,N",0,",,N",,,,,,,,,,
US1CAAL0034,6/2/22,37.877502,-122.281264,36.6,"BERKELEY 1.1 NE, CA US",0,",,N",0,",,N",,,,,,,,,,
US1CAAL0034,6/3/22,37.877502,-122.281264,36.6,"BERKELEY 1.1 NE, CA US",0,",,N",0,",,N",,,,,,,,,,
US1CAAL0034,6/4/22,37.877502,-122.281264,36.6,"BERKELEY 1.1 NE, CA US",0,",,N",0,",,N",,,,,,,,,,
US1CAAL0034,6/5/22,37.877502,-122.281264,36.6,"BERKELEY 1.1 NE, CA US",58,",,N",,,,,,,,,,,,
US1CAAL0034,6/6/22,37.877502,-122.281264,36.6,"BERKELEY 1.1 NE, CA US",56,",,N",,,,,,,,,,,,
US1CAAL0034,6/7/22,37.877502,-122.281264,36.6,"BERKELEY 1.1 NE, CA US",0,",,N",0,",,N",,,,,,,,,,
US1CAAL0034,6/8/22,37.877502,-122.281264,36.6,"BERKELEY 1.1 NE, CA US",0,",,N",0,",,N",,,,,,,,,,
US1CAAL0034,6/9/22,37.877502,-122.281264,36.6,"BERKELEY 1.1 NE, CA US",0,",,N",0,",,N",,,,,,,,,,
US1CAAL0034,6/10/22,37.877502,-122.281264,36.6,"BERKELEY 1.1 NE, CA US",0,",,N",0,",,N",,,,,,,,,,
US1CAAL0034,6/11/22,37.877502,-122.281264,36.6,"BERKELEY 1.1 NE, CA US",0,",,N",0,",,N",,,,,,,,,,
US1CAAL0034,6/12/22,37.877502,-122.281264,36.6,"BERKELEY 1.1 NE, CA US",0,",,N",0,",,N",,,,,,,,,,
US1CAAL0034,6/13/22,37.877502,-122.281264,36.6,"BERKELEY 1.1 NE, CA US",0,",,N",0,",,N",,,,,,,,,,
US1CAAL0034,6/14/22,37.877502,-122.281264,36.6,"BERKELEY 1.1 NE, CA US",0,",,N",0,",,N",,,,,,,,,,
US1CAAL0034,6/15/22,37.877502,-122.281264,36.6,"BERKELEY 1.1 NE, CA US",0,",,N",0,",,N",,,,,,,,,,
US1CAAL0034,6/16/22,37.877502,-122.281264,36.6,"BERKELEY 1.1 NE, CA US",0,",,N",0,",,N",,,,,,,,,,
US1CAAL0034,6/17/22,37.877502,-122.281264,36.6,"BERKELEY 1.1 NE, CA US",0,",,N",0,",,N",,,,,,,,,,
US1CAAL0034,6/18/22,37.877502,-122.281264,36.6,"BERKELEY 1.1 NE, CA US",0,",,N",0,",,N",,,,,,,,,,
US1CAAL0034,6/19/22,37.877502,-122.281264,36.6,"BERKELEY 1.1 NE, CA US",0,",,N",0,",,N",,,,,,,,,,
US1CAAL0034,6/20/22,37.877502,-122.281264,36.6,"BERKELEY 1.1 NE, CA US",0,",,N",0,",,N",,,,,,,,,,
US1CAAL0034,6/21/22,37.877502,-122.281264,36.6,"BERKELEY 1.1 NE, CA US",0,",,N",0,",,N",,,,,,,,,,
US1CAAL0034,6/22/22,37.877502,-122.281264,36.6,"BERKELEY 1.1 NE, CA US",0,",,N",0,",,N",,,,,,,,,,
US1CAAL0034,6/23/22,37.877502,-122.281264,36.6,"BERKELEY 1.1 NE, CA US",0,",,N",0,",,N",,,,,,,,,,
US1CAAL0034,6/24/22,37.877502,-122.281264,36.6,"BERKELEY 1.1 NE, CA US",0,",,N",0,",,N",,,,,,,,,,
US1CAAL0034,6/25/22,37.877502,-122.281264,36.6,"BERKELEY 1.1 NE, CA US",0,",,N",0,",,N",,,,,,,,,,
US1CAAL0034,6/26/22,37.877502,-122.281264,36.6,"BERKELEY 1.1 NE, CA US",0,",,N",0,",,N",,,,,,,,,,
US1CAAL0034,6/27/22,37.877502,-122.281264,36.6,"BERKELEY 1.1 NE, CA US",0,",,N",0,",,N",,,,,,,,,,
US1CAAL0034,6/28/22,37.877502,-122.281264,36.6,"BERKELEY 1.1 NE, CA US",0,",,N",0,",,N",,,,,,,,,,
US1CAAL0034,6/29/22,37.877502,-122.281264,36.6,"BERKELEY 1.1 NE, CA US",0,",,N",0,",,N",,,,,,,,,,
US1CAAL0034,6/30/22,37.877502,-122.281264,36.6,"BERKELEY 1.1 NE, CA US",0,",,N",0,",,N",,,,,,,,,,
US1CAAL0034,7/1/22,37.877502,-122.281264,36.6,"BERKELEY 1.1 NE, CA US",0,",,N",0,",,N",,,,,,,,,,
US1CAAL0034,7/2/22,37.877502,-122.281264,36.6,"BERKELEY 1.1 NE, CA US",3,",,N",,,,,,,,,,,,
US1CAAL0034,7/3/22,37.877502,-122.281264,36.6,"BERKELEY 1.1 NE, CA US",0,",,N",0,",,N",,,,,,,,,,
US1CAAL0034,7/4/22,37.877502,-122.281264,36.6,"BERKELEY 1.1 NE, CA US",0,",,N",0,",,N",,,,,,,,,,
US1CAAL0034,7/5/22,37.877502,-122.281264,36.6,"BERKELEY 1.1 NE, CA US",0,",,N",0,",,N",,,,,,,,,,
US1CAAL0034,7/6/22,37.877502,-122.281264,36.6,"BERKELEY 1.1 NE, CA US",0,",,N",0,",,N",,,,,,,,,,
US1CAAL0034,7/7/22,37.877502,-122.281264,36.6,"BERKELEY 1.1 NE, CA US",0,",,N",0,",,N",,,,,,,,,,
US1CAAL0034,7/8/22,37.877502,-122.281264,36.6,"BERKELEY 1.1 NE, CA US",0,",,N",0,",,N",,,,,,,,,,
US1CAAL0034,7/9/22,37.877502,-122.281264,36.6,"BERKELEY 1.1 NE, CA US",0,",,N",0,",,N",,,,,,,,,,
US1CAAL0034,7/10/22,37.877502,-122.281264,36.6,"BERKELEY 1.1 NE, CA US",0,",,N",0,",,N",,,,,,,,,,
US1CAAL0034,7/11/22,37.877502,-122.281264,36.6,"BERKELEY 1.1 NE, CA US",0,",,N",0,",,N",,,,,,,,,,
US1CAAL0034,7/12/22,37.877502,-122.281264,36.6,"BERKELEY 1.1 NE, CA US",0,",,N",0,",,N",,,,,,,,,,
US1CAAL0034,7/13/22,37.877502,-122.281264,36.6,"BERKELEY 1.1 NE, CA US",0,",,N",0,",,N",,,,,,,,,,
US1CAAL0034,7/14/22,37.877502,-122.281264,36.6,"BERKELEY 1.1 NE, CA US",0,",,N",0,",,N",,,,,,,,,,
US1CAAL0034,7/15/22,37.877502,-122.281264,36.6,"BERKELEY 1.1 NE, CA US",0,",,N",0,",,N",,,,,,,,,,
US1CAAL0034,7/16/22,37.877502,-122.281264,36.6,"BERKELEY 1.1 NE, CA US",0,",,N",0,",,N",,,,,,,,,,
US1CAAL0034,7/17/22,37.877502,-122.281264,36.6,"BERKELEY 1.1 NE, CA US",0,",,N",0,",,N",,,,,,,,,,
US1CAAL0034,7/18/22,37.877502,-122.281264,36.6,"BERKELEY 1.1 NE, CA US",0,",,N",0,",,N",,,,,,,,,,
US1CAAL0034,7/19/22,37.877502,-122.281264,36.6,"BERKELEY 1.1 NE, CA US",0,",,N",0,",,N",,,,,,,,,,
US1CAAL0034,7/20/22,37.877502,-122.281264,36.6,"BERKELEY 1.1 NE, CA US",0,",,N",0,",,N",,,,,,,,,,
US1CAAL0034,7/21/22,37.877502,-122.281264,36.6,"BERKELEY 1.1 NE, CA US",0,",,N",0,",,N",,,,,,,,,,
US1CAAL0034,7/22/22,37.877502,-122.281264,36.6,"BERKELEY 1.1 NE, CA US",0,",,N",0,",,N",,,,,,,,,,
US1CAAL0034,7/23/22,37.877502,-122.281264,36.6,"BERKELEY 1.1 NE, CA US",0,",,N",0,",,N",,,,,,,,,,
US1CAAL0034,7/24/22,37.877502,-122.281264,36.6,"BERKELEY 1.1 NE, CA US",0,",,N",0,",,N",,,,,,,,,,
US1CAAL0034,7/25/22,37.877502,-122.281264,36.6,"BERKELEY 1.1 NE, CA US",0,",,N",0,",,N",,,,,,,,,,
US1CAAL0034,7/26/22,37.877502,-122.281264,36.6,"BERKELEY 1.1 NE, CA US",0,",,N",0,",,N",,,,,,,,,,
US1CAAL0034,7/27/22,37.877502,-122.281264,36.6,"BERKELEY 1.1 NE, CA US",0,"T,,N",,,,,,,,,,,,
US1CAAL0034,7/28/22,37.877502,-122.281264,36.6,"BERKELEY 1.1 NE, CA US",0,"T,,N",,,,,,,,,,,,
US1CAAL0034,7/29/22,37.877502,-122.281264,36.6,"BERKELEY 1.1 NE, CA US",0,"T,,N",0,",,N",,,,,,,,,,
US1CAAL0034,7/30/22,37.877502,-122.281264,36.6,"BERKELEY 1.1 NE, CA US",0,"T,,N",,,,,,,,,,,,
US1CAAL0034,7/31/22,37.877502,-122.281264,36.6,"BERKELEY 1.1 NE, CA US",0,",,N",0,",,N",,,,,,,,,,
US1CAAL0034,8/1/22,37.877502,-122.281264,36.6,"BERKELEY 1.1 NE, CA US",5,",,N",,,,,,,,,,,,
US1CAAL0034,8/2/22,37.877502,-122.281264,36.6,"BERKELEY 1.1 NE, CA US",3,",,N",,,,,,,,,,,,
US1CAAL0034,8/3/22,37.877502,-122.281264,36.6,"BERKELEY 1.1 NE, CA US",0,",,N",0,",,N",,,,,,,,,,
US1CAAL0034,8/4/22,37.877502,-122.281264,36.6,"BERKELEY 1.1 NE, CA US",0,",,N",0,",,N",,,,,,,,,,
US1CAAL0034,8/5/22,37.877502,-122.281264,36.6,"BERKELEY 1.1 NE, CA US",0,",,N",0,",,N",,,,,,,,,,
US1CAAL0034,8/6/22,37.877502,-122.281264,36.6,"BERKELEY 1.1 NE, CA US",0,",,N",0,",,N",,,,,,,,,,
US1CAAL0034,8/7/22,37.877502,-122.281264,36.6,"BERKELEY 1.1 NE, CA US",0,",,N",0,",,N",,,,,,,,,,
US1CAAL0034,8/8/22,37.877502,-122.281264,36.6,"BERKELEY 1.1 NE, CA US",0,",,N",0,",,N",,,,,,,,,,
US1CAAL0034,8/9/22,37.877502,-122.281264,36.6,"BERKELEY 1.1 NE, CA US",0,",,N",0,",,N",,,,,,,,,,
US1CAAL0034,8/10/22,37.877502,-122.281264,36.6,"BERKELEY 1.1 NE, CA US",0,",,N",0,",,N",,,,,,,,,,
US1CAAL0034,8/11/22,37.877502,-122.281264,36.6,"BERKELEY 1.1 NE, CA US",0,",,N",0,",,N",,,,,,,,,,
US1CAAL0034,8/12/22,37.877502,-122.281264,36.6,"BERKELEY 1.1 NE, CA US",0,",,N",0,",,N",,,,,,,,,,
US1CAAL0034,8/13/22,37.877502,-122.281264,36.6,"BERKELEY 1.1 NE, CA US",0,",,N",0,",,N",,,,,,,,,,
US1CAAL0034,8/14/22,37.877502,-122.281264,36.6,"BERKELEY 1.1 NE, CA US",0,",,N",0,",,N",,,,,,,,,,
US1CAAL0034,8/15/22,37.877502,-122.281264,36.6,"BERKELEY 1.1 NE, CA US",0,",,N",0,",,N",,,,,,,,,,
US1CAAL0034,8/16/22,37.877502,-122.281264,36.6,"BERKELEY 1.1 NE, CA US",0,",,N",0,",,N",,,,,,,,,,
US1CAAL0034,8/17/22,37.877502,-122.281264,36.6,"BERKELEY 1.1 NE, CA US",0,",,N",0,",,N",,,,,,,,,,
US1CAAL0034,8/18/22,37.877502,-122.281264,36.6,"BERKELEY 1.1 NE, CA US",3,",,N",,,,,,,,,,,,
US1CAAL0034,8/19/22,37.877502,-122.281264,36.6,"BERKELEY 1.1 NE, CA US",0,",,N",0,",,N",,,,,,,,,,
US1CAAL0034,8/20/22,37.877502,-122.281264,36.6,"BERKELEY 1.1 NE, CA US",0,",,N",0,",,N",,,,,,,,,,
US1CAAL0034,8/21/22,37.877502,-122.281264,36.6,"BERKELEY 1.1 NE, CA US",0,",,N",0,",,N",,,,,,,,,,
US1CAAL0034,8/22/22,37.877502,-122.281264,36.6,"BERKELEY 1.1 NE, CA US",0,",,N",0,",,N",,,,,,,,,,
US1CAAL0034,8/23/22,37.877502,-122.281264,36.6,"BERKELEY 1.1 NE, CA US",0,",,N",0,",,N",,,,,,,,,,
US1CAAL0034,8/24/22,37.877502,-122.281264,36.6,"BERKELEY 1.1 NE, CA US",0,",,N",0,",,N",,,,,,,,,,
US1CAAL0034,8/25/22,37.877502,-122.281264,36.6,"BERKELEY 1.1 NE, CA US",0,",,N",0,",,N",,,,,,,,,,
US1CAAL0034,8/26/22,37.877502,-122.281264,36.6,"BERKELEY 1.1 NE, CA US",0,",,N",0,",,N",,,,,,,,,,
US1CAAL0034,8/27/22,37.877502,-122.281264,36.6,"BERKELEY 1.1 NE, CA US",0,",,N",0,",,N",,,,,,,,,,
US1CAAL0034,8/28/22,37.877502,-122.281264,36.6,"BERKELEY 1.1 NE, CA US",0,",,N",0,",,N",,,,,,,,,,
US1CAAL0034,8/29/22,37.877502,-122.281264,36.6,"BERKELEY 1.1 NE, CA US",0,",,N",0,",,N",,,,,,,,,,
US1CAAL0034,8/30/22,37.877502,-122.281264,36.6,"BERKELEY 1.1 NE, CA US",0,",,N",0,",,N",,,,,,,,,,
US1CAAL0034,8/31/22,37.877502,-122.281264,36.6,"BERKELEY 1.1 NE, CA US",0,",,N",0,",,N",,,,,,,,,,
US1CAAL0034,9/1/22,37.877502,-122.281264,36.6,"BERKELEY 1.1 NE, CA US",0,",,N",0,",,N",,,,,,,,,,
US1CAAL0034,9/2/22,37.877502,-122.281264,36.6,"BERKELEY 1.1 NE, CA US",0,",,N",0,",,N",,,,,,,,,,
US1CAAL0034,9/3/22,37.877502,-122.281264,36.6,"BERKELEY 1.1 NE, CA US",0,",,N",0,",,N",,,,,,,,,,
US1CAAL0034,9/4/22,37.877502,-122.281264,36.6,"BERKELEY 1.1 NE, CA US",0,",,N",0,",,N",,,,,,,,,,
US1CAAL0034,9/5/22,37.877502,-122.281264,36.6,"BERKELEY 1.1 NE, CA US",0,",,N",0,",,N",,,,,,,,,,
US1CAAL0034,9/6/22,37.877502,-122.281264,36.6,"BERKELEY 1.1 NE, CA US",0,",,N",0,",,N",,,,,,,,,,
US1CAAL0034,9/7/22,37.877502,-122.281264,36.6,"BERKELEY 1.1 NE, CA US",0,",,N",0,",,N",,,,,,,,,,
US1CAAL0034,9/8/22,37.877502,-122.281264,36.6,"BERKELEY 1.1 NE, CA US",0,",,N",0,",,N",,,,,,,,,,
US1CAAL0034,9/9/22,37.877502,-122.281264,36.6,"BERKELEY 1.1 NE, CA US",0,",,N",0,",,N",,,,,,,,,,
US1CAAL0034,9/10/22,37.877502,-122.281264,36.6,"BERKELEY 1.1 NE, CA US",0,",,N",0,",,N",,,,,,,,,,
US1CAAL0034,9/11/22,37.877502,-122.281264,36.6,"BERKELEY 1.1 NE, CA US",0,",,N",0,",,N",,,,,,,,,,
US1CAAL0034,9/12/22,37.877502,-122.281264,36.6,"BERKELEY 1.1 NE, CA US",0,",,N",0,",,N",,,,,,,,,,
US1CAAL0034,9/13/22,37.877502,-122.281264,36.6,"BERKELEY 1.1 NE, CA US",0,",,N",0,",,N",,,,,,,,,,
US1CAAL0034,9/14/22,37.877502,-122.281264,36.6,"BERKELEY 1.1 NE, CA US",0,",,N",0,",,N",,,,,,,,,,
US1CAAL0034,9/15/22,37.877502,-122.281264,36.6,"BERKELEY 1.1 NE, CA US",0,",,N",0,",,N",,,,,,,,,,
US1CAAL0034,9/16/22,37.877502,-122.281264,36.6,"BERKELEY 1.1 NE, CA US",0,",,N",0,",,N",,,,,,,,,,
US1CAAL0034,9/17/22,37.877502,-122.281264,36.6,"BERKELEY 1.1 NE, CA US",0,",,N",0,",,N",,,,,,,,,,
US1CAAL0034,9/18/22,37.877502,-122.281264,36.6,"BERKELEY 1.1 NE, CA US",8,",,N",,,,,,,,,,,,
US1CAAL0034,9/19/22,37.877502,-122.281264,36.6,"BERKELEY 1.1 NE, CA US",58,",,N",,,,,,,,,,,,
US1CAAL0034,9/20/22,37.877502,-122.281264,36.6,"BERKELEY 1.1 NE, CA US",0,",,N",0,",,N",,,,,,,,,,
US1CAAL0034,9/21/22,37.877502,-122.281264,36.6,"BERKELEY 1.1 NE, CA US",3,",,N",,,,,,,,,,,,
US1CAAL0034,9/22/22,37.877502,-122.281264,36.6,"BERKELEY 1.1 NE, CA US",0,"T,,N",,,,,,,,,,,,
US1CAAL0034,9/23/22,37.877502,-122.281264,36.6,"BERKELEY 1.1 NE, CA US",0,",,N",0,",,N",,,,,,,,,,
US1CAAL0034,9/24/22,37.877502,-122.281264,36.6,"BERKELEY 1.1 NE, CA US",0,",,N",0,",,N",,,,,,,,,,
US1CAAL0034,9/25/22,37.877502,-122.281264,36.6,"BERKELEY 1.1 NE, CA US",0,",,N",0,",,N",,,,,,,,,,
US1CAAL0034,9/26/22,37.877502,-122.281264,36.6,"BERKELEY 1.1 NE, CA US",0,",,N",0,",,N",,,,,,,,,,
US1CAAL0034,9/27/22,37.877502,-122.281264,36.6,"BERKELEY 1.1 NE, CA US",0,",,N",0,",,N",,,,,,,,,,
US1CAAL0034,9/28/22,37.877502,-122.281264,36.6,"BERKELEY 1.1 NE, CA US",0,",,N",0,",,N",,,,,,,,,,
US1CAAL0034,9/29/22,37.877502,-122.281264,36.6,"BERKELEY 1.1 NE, CA US",0,",,N",0,",,N",,,,,,,,,,
US1CAAL0034,9/30/22,37.877502,-122.281264,36.6,"BERKELEY 1.1 NE, CA US",0,",,N",0,",,N",,,,,,,,,,
US1CAAL0034,10/1/22,37.877502,-122.281264,36.6,"BERKELEY 1.1 NE, CA US",0,",,N",0,",,N",,,,,,,,,,
US1CAAL0034,10/2/22,37.877502,-122.281264,36.6,"BERKELEY 1.1 NE, CA US",0,",,N",0,",,N",,,,,,,,,,
US1CAAL0034,10/3/22,37.877502,-122.281264,36.6,"BERKELEY 1.1 NE, CA US",0,",,N",0,",,N",,,,,,,,,,
US1CAAL0034,10/4/22,37.877502,-122.281264,36.6,"BERKELEY 1.1 NE, CA US",0,",,N",0,",,N",,,,,,,,,,
US1CAAL0034,10/5/22,37.877502,-122.281264,36.6,"BERKELEY 1.1 NE, CA US",0,",,N",0,",,N",,,,,,,,,,
US1CAAL0034,10/6/22,37.877502,-122.281264,36.6,"BERKELEY 1.1 NE, CA US",0,",,N",0,",,N",,,,,,,,,,
US1CAAL0034,10/7/22,37.877502,-122.281264,36.6,"BERKELEY 1.1 NE, CA US",0,",,N",0,",,N",,,,,,,,,,
US1CAAL0034,10/8/22,37.877502,-122.281264,36.6,"BERKELEY 1.1 NE, CA US",0,",,N",0,",,N",,,,,,,,,,
US1CAAL0034,10/9/22,37.877502,-122.281264,36.6,"BERKELEY 1.1 NE, CA US",0,",,N",0,",,N",,,,,,,,,,
US1CAAL0034,10/10/22,37.877502,-122.281264,36.6,"BERKELEY 1.1 NE, CA US",0,",,N",0,",,N",,,,,,,,,,
US1CAAL0034,10/11/22,37.877502,-122.281264,36.6,"BERKELEY 1.1 NE, CA US",0,",,N",0,",,N",,,,,,,,,,
US1CAAL0034,10/12/22,37.877502,-122.281264,36.6,"BERKELEY 1.1 NE, CA US",0,",,N",0,",,N",,,,,,,,,,
US1CAAL0034,10/13/22,37.877502,-122.281264,36.6,"BERKELEY 1.1 NE, CA US",0,",,N",0,",,N",,,,,,,,,,
US1CAAL0034,10/14/22,37.877502,-122.281264,36.6,"BERKELEY 1.1 NE, CA US",0,",,N",0,",,N",,,,,,,,,,
US1CAAL0034,10/15/22,37.877502,-122.281264,36.6,"BERKELEY 1.1 NE, CA US",0,",,N",0,",,N",,,,,,,,,,
US1CAAL0034,10/16/22,37.877502,-122.281264,36.6,"BERKELEY 1.1 NE, CA US",0,",,N",0,",,N",,,,,,,,,,
US1CAAL0034,10/17/22,37.877502,-122.281264,36.6,"BERKELEY 1.1 NE, CA US",0,",,N",0,",,N",,,,,,,,,,
US1CAAL0034,10/18/22,37.877502,-122.281264,36.6,"BERKELEY 1.1 NE, CA US",0,",,N",0,",,N",,,,,,,,,,
US1CAAL0034,10/19/22,37.877502,-122.281264,36.6,"BERKELEY 1.1 NE, CA US",0,",,N",0,",,N",,,,,,,,,,
US1CAAL0034,10/20/22,37.877502,-122.281264,36.6,"BERKELEY 1.1 NE, CA US",0,",,N",0,",,N",,,,,,,,,,
US1CAAL0034,10/21/22,37.877502,-122.281264,36.6,"BERKELEY 1.1 NE, CA US",0,",,N",0,",,N",,,,,,,,,,
US1CAAL0034,10/22/22,37.877502,-122.281264,36.6,"BERKELEY 1.1 NE, CA US",0,",,N",0,",,N",,,,,,,,,,
US1CAAL0034,10/23/22,37.877502,-122.281264,36.6,"BERKELEY 1.1 NE, CA US",0,",,N",0,",,N",,,,,,,,,,
US1CAAL0034,10/24/22,37.877502,-122.281264,36.6,"BERKELEY 1.1 NE, CA US",0,",,N",0,",,N",,,,,,,,,,
US1CAAL0034,10/25/22,37.877502,-122.281264,36.6,"BERKELEY 1.1 NE, CA US",0,",,N",0,",,N",,,,,,,,,,
US1CAAL0034,10/26/22,37.877502,-122.281264,36.6,"BERKELEY 1.1 NE, CA US",0,",,N",0,",,N",,,,,,,,,,
US1CAAL0034,10/27/22,37.877502,-122.281264,36.6,"BERKELEY 1.1 NE, CA US",0,",,N",0,",,N",,,,,,,,,,
US1CAAL0034,10/28/22,37.877502,-122.281264,36.6,"BERKELEY 1.1 NE, CA US",0,",,N",0,",,N",,,,,,,,,,
US1CAAL0034,10/29/22,37.877502,-122.281264,36.6,"BERKELEY 1.1 NE, CA US",0,",,N",0,",,N",,,,,,,,,,
US1CAAL0034,10/30/22,37.877502,-122.281264,36.6,"BERKELEY 1.1 NE, CA US",0,",,N",0,",,N",,,,,,,,,,
US1CAAL0034,10/31/22,37.877502,-122.281264,36.6,"BERKELEY 1.1 NE, CA US",0,",,N",0,",,N",,,,,,,,,,
US1CAAL0034,11/1/22,37.877502,-122.281264,36.6,"BERKELEY 1.1 NE, CA US",3,",,N",,,,,,,,,,,,
US1CAAL0034,11/2/22,37.877502,-122.281264,36.6,"BERKELEY 1.1 NE, CA US",81,",,N",,,,,,,,,,,,
US1CAAL0034,11/3/22,37.877502,-122.281264,36.6,"BERKELEY 1.1 NE, CA US",5,",,N",,,,,,,,,,,,
US1CAAL0034,11/4/22,37.877502,-122.281264,36.6,"BERKELEY 1.1 NE, CA US",0,",,N",0,",,N",,,,,,,,,,
US1CAAL0034,11/5/22,37.877502,-122.281264,36.6,"BERKELEY 1.1 NE, CA US",13,",,N",,,,,,,,,,,,
US1CAAL0034,11/6/22,37.877502,-122.281264,36.6,"BERKELEY 1.1 NE, CA US",15,",,N",0,",,N",,,,,,,,,,
US1CAAL0034,11/7/22,37.877502,-122.281264,36.6,"BERKELEY 1.1 NE, CA US",13,",,N",,,,,,,,,,,,